login,full_name,created_at,stargazers_count,watchers_count,language,has_projects,has_wiki,license_name
tj,tj/archive,2016-02-06T19:50:22Z,1,1,Go,True,True,No license
tj,tj/archivex,2017-06-18T16:28:56Z,1,1,Go,True,True,bsd-3-clause
tj,tj/assert,2017-02-16T21:05:38Z,37,37,Go,True,True,mit
tj,tj/assert-equal-jsx,2016-06-15T14:52:43Z,5,5,JavaScript,True,True,mit
tj,tj/asset,2011-04-04T02:43:12Z,122,122,JavaScript,True,True,No license
tj,tj/auth,2015-10-07T18:02:35Z,2,2,Go,True,True,bsd-3-clause
tj,tj/awesome-actions,2018-12-20T13:15:46Z,11,11,,True,True,No license
tj,tj/aws,2017-07-08T16:30:12Z,40,40,Go,True,True,mit
tj,tj/axon,2012-07-12T06:38:44Z,1495,1495,JavaScript,True,True,mit
tj,tj/axon-msgpack,2013-03-21T17:12:59Z,11,11,JavaScript,True,True,No license
tj,tj/axon-rpc,2012-10-23T20:00:31Z,104,104,JavaScript,True,True,No license
tj,tj/backoff,2017-09-10T20:04:55Z,6,6,Go,True,True,mit
tj,tj/base64,2012-11-24T07:42:38Z,1,1,JavaScript,True,True,No license
tj,tj/better-assert,2011-11-30T03:00:18Z,288,288,JavaScript,True,True,mit
tj,tj/bind,2009-03-02T22:54:44Z,15,15,Ruby,True,True,No license
tj,tj/bm,2012-03-15T23:33:09Z,230,230,Shell,True,True,No license
tj,tj/browserid,2011-07-16T01:15:09Z,2,2,JavaScript,True,False,No license
tj,tj/burl,2012-06-23T00:17:17Z,134,134,Shell,True,True,No license
tj,tj/callsite,2011-11-30T00:33:36Z,245,245,JavaScript,True,True,mit
tj,tj/cdescent,2011-05-08T22:29:04Z,20,20,C,True,True,No license
tj,tj/chan,2013-11-28T07:59:15Z,1,1,JavaScript,True,True,No license
tj,tj/channel.js,2016-07-09T18:33:07Z,134,134,JavaScript,True,True,No license
tj,tj/Chipmunk-js,2012-02-19T01:51:59Z,3,3,JavaScript,True,True,No license
tj,tj/cipherhub.sh,2014-01-17T19:17:37Z,41,41,Shell,True,True,No license
tj,tj/client-sha1,2012-11-28T00:15:47Z,2,2,JavaScript,True,True,No license
tj,tj/client-user,2012-11-28T00:15:17Z,1,1,JavaScript,True,True,No license
tj,tj/co,2013-06-06T04:06:16Z,11882,11882,JavaScript,True,True,mit
tj,tj/co-aws,2013-12-20T05:40:08Z,30,30,JavaScript,True,True,No license
tj,tj/co-exec,2013-06-06T23:53:31Z,44,44,JavaScript,True,True,No license
tj,tj/co-fs,2013-06-06T05:08:33Z,105,105,JavaScript,True,True,No license
kunal-kushwaha,kunal-kushwaha/0.4.1-Quarantime,2020-06-04T15:11:17Z,3,3,JavaScript,True,True,mit
kunal-kushwaha,kunal-kushwaha/acme-demo,2024-07-23T08:27:59Z,7,7,,True,True,No license
kunal-kushwaha,kunal-kushwaha/blogs,2024-08-25T12:56:30Z,11,11,,True,True,No license
kunal-kushwaha,kunal-kushwaha/choreo-demo,2024-08-10T12:03:22Z,7,7,,True,False,apache-2.0
kunal-kushwaha,kunal-kushwaha/cli,2021-09-28T08:21:13Z,3,3,,True,True,apache-2.0
kunal-kushwaha,kunal-kushwaha/Competitive-Programming-Resources,2020-08-10T10:49:00Z,3234,3234,,True,True,mit
kunal-kushwaha,kunal-kushwaha/DevOps-Bootcamp,2021-12-08T11:24:45Z,2135,2135,,True,True,No license
kunal-kushwaha,kunal-kushwaha/docs,2024-04-23T14:53:47Z,1,1,,True,True,No license
kunal-kushwaha,kunal-kushwaha/DSA-Bootcamp-Java,2021-07-30T12:23:25Z,17273,17273,Java,True,True,No license
kunal-kushwaha,kunal-kushwaha/fabric8-maven-plugin,2019-03-22T05:46:47Z,2,2,Java,True,True,apache-2.0
kunal-kushwaha,kunal-kushwaha/Face-Recognition,2020-04-20T16:11:01Z,7,7,Python,True,True,No license
kunal-kushwaha,kunal-kushwaha/Genetic-Algorithm,2020-07-18T13:45:21Z,3,3,Jupyter Notebook,True,True,No license
kunal-kushwaha,kunal-kushwaha/GitHubGraduation-2022,2022-05-03T06:19:53Z,12,12,JavaScript,True,True,No license
kunal-kushwaha,kunal-kushwaha/hashnode-blog,2024-03-18T18:58:29Z,3,3,TypeScript,True,True,mit
kunal-kushwaha,kunal-kushwaha/Intro-to-Gen-AI-and-RAG,2024-04-01T23:30:35Z,83,83,,True,True,No license
kunal-kushwaha,kunal-kushwaha/invisible-cloak,2021-03-02T16:17:52Z,10,10,Python,True,True,No license
kunal-kushwaha,kunal-kushwaha/jest,2020-06-15T09:17:26Z,2,2,,True,True,mit
kunal-kushwaha,kunal-kushwaha/kubernetes,2019-11-18T18:50:16Z,49,49,Go,True,False,apache-2.0
kunal-kushwaha,kunal-kushwaha/kubernetes-client,2019-03-22T05:46:49Z,7,7,Java,True,True,apache-2.0
kunal-kushwaha,kunal-kushwaha/kubernetes-marketplace,2022-01-25T09:08:05Z,11,11,Shell,True,True,mit
kunal-kushwaha,kunal-kushwaha/LR-ML,2020-07-05T15:09:51Z,2,2,Jupyter Notebook,True,True,No license
kunal-kushwaha,kunal-kushwaha/MeditationApp,2019-04-10T22:00:24Z,14,14,JavaScript,True,True,No license
kunal-kushwaha,kunal-kushwaha/memorials,2021-06-04T07:50:45Z,5,5,,True,False,apache-2.0
kunal-kushwaha,kunal-kushwaha/mentoring,2020-11-19T19:45:06Z,7,7,,True,False,apache-2.0
kunal-kushwaha,kunal-kushwaha/MLH-Fellow-Map,2020-05-30T05:50:49Z,5,5,JavaScript,True,True,mit
kunal-kushwaha,kunal-kushwaha/node-chat-app,2020-06-04T16:57:16Z,10,10,JavaScript,True,True,No license
kunal-kushwaha,kunal-kushwaha/people,2022-02-03T11:59:24Z,3,3,Makefile,True,True,mit
kunal-kushwaha,kunal-kushwaha/prometheus,2020-09-01T17:56:08Z,3,3,,True,True,apache-2.0
kunal-kushwaha,kunal-kushwaha/quarantime-client,2020-06-04T21:19:23Z,2,2,JavaScript,True,True,No license
kunal-kushwaha,kunal-kushwaha/quarantime-server,2020-06-04T21:18:09Z,7,7,JavaScript,True,True,No license
angelabauer,angelabauer/100-days-gifs,2021-11-15T13:14:08Z,19,19,,True,True,No license
angelabauer,angelabauer/9.4-Environment-Variables,2023-12-20T16:03:39Z,3,3,JavaScript,True,True,No license
angelabauer,angelabauer/angela-blog,2020-10-26T15:56:21Z,9,9,JavaScript,True,True,No license
angelabauer,angelabauer/angelabauer,2020-10-29T12:41:10Z,81,81,CSS,True,True,No license
angelabauer,angelabauer/animated-gradient-background-generator,2023-04-04T10:17:31Z,4,4,,True,True,No license
angelabauer,angelabauer/Bitcoin-Ticker-iOS12,2018-10-20T10:29:04Z,9,9,Swift,True,True,No license
angelabauer,angelabauer/ByteCoin-iOS13-Completed,2019-09-11T14:56:36Z,7,7,,True,True,No license
angelabauer,angelabauer/compilebox,2020-10-02T09:09:52Z,5,5,,True,True,mit
angelabauer,angelabauer/COVID-19-app-iOS-BETA,2020-07-07T16:04:22Z,32,32,,True,False,mit
angelabauer,angelabauer/css-display,2023-03-02T11:14:40Z,9,9,HTML,True,True,No license
angelabauer,angelabauer/current-weather,2019-04-08T11:12:21Z,13,13,,True,True,No license
angelabauer,angelabauer/cv,2021-11-04T11:58:15Z,52,52,HTML,True,True,No license
angelabauer,angelabauer/flask-blog,2020-10-26T15:57:36Z,11,11,JavaScript,True,True,No license
angelabauer,angelabauer/Flask-Blog-Project,2020-10-23T09:55:41Z,9,9,Python,True,True,No license
angelabauer,angelabauer/flask-windows-test,2020-10-23T11:13:59Z,7,7,Python,True,True,No license
angelabauer,angelabauer/GitEnvTest,2023-12-20T16:09:24Z,6,6,JavaScript,True,True,No license
angelabauer,angelabauer/I-Am-Poor-iOS11,2017-06-20T08:01:02Z,9,9,Swift,True,True,No license
angelabauer,angelabauer/Images,2015-10-23T14:15:20Z,6,6,,True,True,No license
angelabauer,angelabauer/InspoQuotes,2018-08-18T14:23:26Z,6,6,Swift,True,True,No license
angelabauer,angelabauer/new-blog-test,2020-10-23T15:37:27Z,10,10,Python,True,True,No license
angelabauer,angelabauer/new-windows-test,2020-10-23T11:22:35Z,6,6,,True,True,No license
angelabauer,angelabauer/OnboardKit,2021-08-02T09:38:05Z,8,8,Swift,True,True,mit
angelabauer,angelabauer/ProperWayToGitEnv,2023-12-20T16:11:18Z,9,9,JavaScript,True,True,No license
angelabauer,angelabauer/python-coding-challenges,2020-10-02T07:24:38Z,89,89,,True,True,bsd-3-clause
angelabauer,angelabauer/sherlock-html,2022-11-22T12:23:40Z,13,13,HTML,True,True,No license
angelabauer,angelabauer/sherlock-text,2022-11-22T12:21:11Z,3,3,HTML,True,True,mit
angelabauer,angelabauer/Story,2017-09-12T14:36:42Z,60,60,,True,True,No license
angelabauer,angelabauer/Story2,2017-09-13T14:11:44Z,12,12,,True,True,No license
angelabauer,angelabauer/test,2018-05-02T10:57:31Z,7,7,HTML,True,True,No license
angelabauer,angelabauer/Test-Checklist,2017-11-13T12:20:01Z,6,6,Swift,True,True,No license
jlord,jlord/2013.cascadiajs.com,2013-08-14T05:03:45Z,1,1,CSS,True,True,No license
jlord,jlord/apm,2015-06-15T01:37:33Z,2,2,CoffeeScript,True,True,mit
jlord,jlord/art-of-node,2013-03-22T21:26:28Z,5,5,JavaScript,True,True,other
jlord,jlord/atom,2015-06-22T16:30:51Z,2,2,CoffeeScript,True,False,mit
jlord,jlord/atom-material-syntax,2015-07-13T03:12:23Z,3,3,CSS,True,True,mit
jlord,jlord/atom-material-ui,2015-07-13T03:11:39Z,2,2,CSS,True,True,other
jlord,jlord/atom-party-theme,2014-02-27T05:16:32Z,7,7,CSS,True,True,other
jlord,jlord/atom-party-theme-ui,2014-03-03T03:42:33Z,3,3,CSS,True,True,mit
jlord,jlord/balrog,2013-08-11T06:07:33Z,86,86,JavaScript,True,True,other
jlord,jlord/begin-hello-world-app,2020-12-21T10:21:33Z,3,3,JavaScript,True,True,apache-2.0
jlord,jlord/bingo-board,2015-11-07T11:09:19Z,3,3,JavaScript,True,False,mit
jlord,jlord/books,2021-10-11T20:52:59Z,1,1,,True,True,No license
jlord,jlord/bostonstay,2013-04-16T00:25:27Z,1,1,JavaScript,True,True,No license
jlord,jlord/brackets-surround,2014-02-08T20:09:15Z,1,1,JavaScript,True,True,No license
jlord,jlord/browserify-website,2014-03-19T05:37:40Z,1,1,CSS,True,True,No license
jlord,jlord/buildbranch,2014-05-24T11:45:06Z,2,2,JavaScript,True,True,mit
jlord,jlord/cli-boilerplate,2014-09-05T05:49:06Z,26,26,JavaScript,True,True,other
jlord,jlord/commonscale,2012-07-11T02:35:29Z,1,1,,True,True,No license
jlord,jlord/cs-proj-test,2020-03-25T17:27:53Z,0,0,HTML,True,True,No license
jlord,jlord/current-mongodb-downloads,2018-02-13T20:59:12Z,0,0,JavaScript,True,True,No license
jlord,jlord/dat-data.com,2014-04-08T04:05:09Z,1,1,JavaScript,True,True,other
jlord,jlord/docs-boilerplate,2015-06-27T16:57:32Z,1,1,JavaScript,True,True,bsd-2-clause
jlord,jlord/dotfiles,2014-02-21T06:41:32Z,15,15,JavaScript,True,True,bsd-2-clause
jlord,jlord/earlyalameda,2012-07-21T22:08:37Z,2,2,JavaScript,True,True,No license
jlord,jlord/ecab,2012-11-25T00:17:37Z,1,1,,True,True,No license
jlord,jlord/edu-on-github,2013-07-19T20:15:59Z,9,9,,True,True,No license
jlord,jlord/electron,2015-06-22T17:27:00Z,2,2,C++,True,False,mit
jlord,jlord/electron-log,2016-03-06T18:51:41Z,0,0,,True,True,mit
jlord,jlord/electron-packager,2015-09-03T02:09:07Z,1,1,JavaScript,True,True,bsd-2-clause
jlord,jlord/electron-workshopper-template,2015-09-06T03:19:53Z,9,9,,True,True,No license
Elfocrash,Elfocrash/.NET-Backend-Developer-Roadmap,2022-01-12T23:55:51Z,6624,6624,,False,False,No license
Elfocrash,Elfocrash/aspnetcore,2022-05-12T10:59:30Z,17,17,C#,True,True,mit
Elfocrash,Elfocrash/AspNetCore.Docs,2019-09-30T12:04:17Z,17,17,,True,True,cc-by-4.0
Elfocrash,Elfocrash/awesome-blazor,2019-11-18T10:47:53Z,39,39,,True,False,cc0-1.0
Elfocrash,Elfocrash/awesome-cosmosdb,2018-11-04T17:31:19Z,64,64,,True,True,cc0-1.0
Elfocrash,Elfocrash/awesome-rethinkdb,2018-11-04T18:41:41Z,3,3,,True,True,cc0-1.0
Elfocrash,Elfocrash/awesome-youtubers,2021-01-12T13:18:52Z,143,143,,True,False,cc0-1.0
Elfocrash,Elfocrash/aws-videos,2022-02-02T23:08:08Z,271,271,C#,True,True,mit
Elfocrash,Elfocrash/azure-cosmos-dotnet-v3,2019-08-18T07:36:05Z,5,5,C#,True,True,mit
Elfocrash,Elfocrash/azure-docs,2019-08-25T15:06:39Z,5,5,PowerShell,True,False,cc-by-4.0
Elfocrash,Elfocrash/blazor-fluxor,2019-11-17T18:14:04Z,6,6,,True,True,mit
Elfocrash,Elfocrash/BlazorUnitTestingPrototype,2019-11-17T16:15:06Z,6,6,,True,True,No license
Elfocrash,Elfocrash/clean-minimal-api,2022-04-24T10:22:40Z,611,611,C#,False,False,mit
Elfocrash,Elfocrash/Cosmonaut,2018-03-26T20:32:27Z,341,341,C#,True,False,mit
Elfocrash,Elfocrash/Cosmonaut-Java,2018-11-11T14:44:54Z,2,2,Java,True,True,mit
Elfocrash,Elfocrash/Cosmonaut-js,2018-11-24T18:25:59Z,1,1,,True,True,mit
Elfocrash,Elfocrash/Cosmonaut-RxJava,2018-09-12T08:26:41Z,3,3,,True,True,mit
Elfocrash,Elfocrash/Cosmonaut.Scaler,2019-02-27T21:09:37Z,12,12,CSS,True,True,mit
Elfocrash,Elfocrash/CosmosDBCRUDTutorial,2018-05-19T23:43:04Z,8,8,C#,True,True,No license
Elfocrash,Elfocrash/CosmosDBPaginationSample,2018-10-29T21:37:18Z,8,8,C#,True,True,mit
Elfocrash,Elfocrash/discoverdotnet,2021-01-14T10:14:53Z,24,24,,True,False,mit
Elfocrash,Elfocrash/dotnet-creator-cards,2023-03-12T01:06:36Z,3,3,PowerShell,True,True,mit
Elfocrash,Elfocrash/DotnetDocsShow.MinimalApis,2021-11-01T17:18:53Z,169,169,C#,True,True,No license
Elfocrash,Elfocrash/elfocrash,2020-08-22T11:01:04Z,44,44,,True,True,No license
Elfocrash,Elfocrash/Faraday,2020-08-21T18:35:27Z,10,10,C#,True,True,mit
Elfocrash,Elfocrash/L2ACP-api,2017-04-03T22:40:08Z,38,38,Java,True,True,gpl-2.0
Elfocrash,Elfocrash/L2ACP-Web,2017-02-11T17:41:39Z,45,45,CSS,True,True,gpl-2.0
Elfocrash,Elfocrash/L2Autobots,2020-09-15T16:01:03Z,54,54,Kotlin,True,True,gpl-3.0
Elfocrash,Elfocrash/L2dotNET,2016-04-19T13:40:23Z,147,147,C#,True,True,mpl-2.0
Elfocrash,Elfocrash/L2jBrasil,2017-11-06T13:05:08Z,2,2,Java,True,True,gpl-3.0
alyssaxuu,alyssaxuu/alyssaxuu,2022-07-03T10:56:06Z,29,29,,True,True,No license
alyssaxuu,alyssaxuu/animockup,2020-03-21T04:45:36Z,1650,1650,JavaScript,True,False,mit
alyssaxuu,alyssaxuu/carden,2021-06-13T16:08:06Z,439,439,JavaScript,True,True,mit
alyssaxuu,alyssaxuu/ecosnap,2022-12-12T22:08:11Z,255,255,PureBasic,True,True,mit
alyssaxuu,alyssaxuu/figma-platformer-engine,2019-03-09T18:52:02Z,435,435,JavaScript,True,True,mit
alyssaxuu,alyssaxuu/figma-to-google-slides,2019-01-20T21:35:15Z,552,552,JavaScript,True,True,mit
alyssaxuu,alyssaxuu/flowy,2019-11-27T14:03:51Z,11413,11413,JavaScript,True,True,mit
alyssaxuu,alyssaxuu/jumpskip,2021-08-19T19:53:05Z,212,212,JavaScript,True,True,mit
alyssaxuu,alyssaxuu/later,2022-07-01T12:38:17Z,1532,1532,Swift,True,False,mit
alyssaxuu,alyssaxuu/mapus,2021-08-02T14:09:06Z,3371,3371,JavaScript,True,True,mit
alyssaxuu,alyssaxuu/motionity,2022-08-29T21:03:50Z,3172,3172,JavaScript,True,True,mit
alyssaxuu,alyssaxuu/omni,2022-01-10T22:25:55Z,7174,7174,JavaScript,True,True,mit
alyssaxuu,alyssaxuu/producthunt-preview,2018-05-15T20:57:37Z,82,82,JavaScript,True,True,mit
alyssaxuu,alyssaxuu/screenity,2020-11-01T15:16:31Z,12035,12035,JavaScript,True,False,gpl-3.0
alyssaxuu,alyssaxuu/slashy,2022-05-28T20:13:13Z,570,570,JavaScript,True,True,mit
eddiejaoude,eddiejaoude/about-me,2016-02-13T12:31:02Z,16,16,JavaScript,True,True,mit
eddiejaoude,eddiejaoude/aevi-alexa,2017-09-22T12:33:38Z,1,1,JavaScript,True,True,No license
eddiejaoude,eddiejaoude/ANT-Project-Deployment-Tool,2011-04-12T17:58:58Z,2,2,,True,True,No license
eddiejaoude,eddiejaoude/BattleSnake,2021-08-02T12:38:31Z,1,1,Gherkin,True,True,No license
eddiejaoude,eddiejaoude/blog-api,2016-08-02T13:52:44Z,0,0,JavaScript,True,True,mit
eddiejaoude,eddiejaoude/blog-web,2016-08-07T03:45:46Z,0,0,JavaScript,True,True,mit
eddiejaoude,eddiejaoude/book-cv-tips,2016-11-13T08:58:51Z,4,4,HTML,True,True,mit
eddiejaoude,eddiejaoude/book-open-source-tips,2016-11-05T03:15:33Z,264,264,Makefile,True,True,mit
eddiejaoude,eddiejaoude/check-pr-filenames,2023-01-20T12:45:11Z,0,0,JavaScript,True,True,No license
eddiejaoude,eddiejaoude/codeception-zf2-codecoverage,2014-10-04T08:09:04Z,0,0,PHP,True,True,No license
eddiejaoude,eddiejaoude/computer-checklist,2017-06-29T07:24:21Z,3,3,,True,True,mit
eddiejaoude,eddiejaoude/db2es,2015-10-20T12:18:53Z,4,4,Java,True,True,No license
eddiejaoude,eddiejaoude/dev-default-config,2014-08-19T14:28:21Z,1,1,VimL,True,True,No license
eddiejaoude,eddiejaoude/dev-helper-cmds,2014-12-12T16:55:33Z,17,17,Makefile,True,True,mit
eddiejaoude,eddiejaoude/devops-helper-scripts,2014-11-12T06:52:22Z,0,0,,True,False,mit
eddiejaoude,eddiejaoude/DevRel,2020-03-12T12:06:26Z,2,2,,True,True,No license
eddiejaoude,eddiejaoude/dial-tone-frontend,2014-12-06T15:53:22Z,0,0,PHP,True,False,mit
eddiejaoude,eddiejaoude/doctrine2-logger,2014-03-18T05:25:53Z,0,0,PHP,True,True,mit
eddiejaoude,eddiejaoude/documentation-as-code-presentation,2018-09-15T06:55:36Z,0,0,JavaScript,True,True,mit
eddiejaoude,eddiejaoude/dotfiles,2020-10-09T13:08:01Z,26,26,Shell,True,True,mit
eddiejaoude,eddiejaoude/EddieCon-01-workshop,2021-08-15T14:09:57Z,6,6,JavaScript,True,True,mit
eddiejaoude,eddiejaoude/Eddiehub_share,2021-03-20T05:38:31Z,1,1,HTML,True,True,mit
eddiejaoude,eddiejaoude/eddiejaoude,2020-07-12T10:31:09Z,208,208,,True,False,No license
eddiejaoude,eddiejaoude/eddiejaoude.github.com,2012-06-16T06:50:41Z,18,18,HTML,True,False,mit
eddiejaoude,eddiejaoude/elasticsearch-example-docs,2014-08-15T16:20:50Z,0,0,,True,True,mit
eddiejaoude,eddiejaoude/flagsmith-nextjs-demo,2024-02-29T10:12:51Z,2,2,JavaScript,True,True,No license
eddiejaoude,eddiejaoude/fullstack-nuxtjs-nestjs-datastax-video,2021-07-27T14:31:57Z,11,11,Vue,True,True,mit
eddiejaoude,eddiejaoude/gender-pay-gap-gov-uk-importer,2018-06-22T05:59:35Z,6,6,JavaScript,True,True,mit
eddiejaoude,eddiejaoude/getting-into-tech-faqs,2018-10-01T07:49:21Z,4,4,,True,True,mit
eddiejaoude,eddiejaoude/github-adv-search,2011-04-02T18:43:01Z,5,5,PHP,True,True,No license
daneden,daneden/2017-music,2018-02-12T01:43:20Z,7,7,JavaScript,True,True,No license
daneden,daneden/2018-music,2018-11-12T01:13:28Z,4,4,JavaScript,True,True,No license
daneden,daneden/apca-w3,2022-01-04T19:07:39Z,0,0,,True,False,other
daneden,daneden/art.daneden.me,2017-02-17T03:33:42Z,15,15,JavaScript,True,True,No license
daneden,daneden/basehold.it,2012-04-12T12:19:36Z,537,537,TypeScript,True,True,No license
daneden,daneden/Baseline.js,2012-06-20T10:45:58Z,699,699,JavaScript,True,True,No license
daneden,daneden/Broadcast,2021-06-26T22:11:48Z,41,41,Swift,True,True,mit
daneden,daneden/Carousel-Prototype,2014-08-13T16:41:16Z,5,5,Swift,True,True,No license
daneden,daneden/contrast-swatch,2019-07-17T15:21:09Z,3,3,JavaScript,True,False,No license
daneden,daneden/Converge,2016-12-23T21:07:48Z,6,6,Swift,True,True,No license
daneden,daneden/cxs,2020-07-03T12:35:27Z,1,1,,True,True,mit
daneden,daneden/daneden-og-image-generator,2020-03-08T17:06:48Z,25,25,TypeScript,True,True,No license
daneden,daneden/daneden.github.io,2020-05-08T12:10:50Z,2,2,HTML,True,True,No license
daneden,daneden/daneden.me,2014-08-06T06:38:03Z,335,335,MDX,True,True,other
daneden,daneden/daneden.me.old,2020-07-08T14:55:27Z,1,1,TypeScript,True,True,No license
daneden,daneden/de-gifs-client,2019-12-07T21:01:54Z,3,3,TypeScript,True,True,No license
daneden,daneden/DefinitelyTyped,2020-07-03T16:20:13Z,0,0,TypeScript,True,True,other
daneden,daneden/design-systems-office-hours-playbook,2018-03-22T15:44:16Z,57,57,,True,True,No license
daneden,daneden/dotfiles,2013-10-29T02:35:47Z,81,81,Shell,True,True,No license
daneden,daneden/Dropbox-Prototype,2014-08-06T04:35:08Z,8,8,Swift,True,True,No license
daneden,daneden/dtebot,2016-04-06T18:20:00Z,3,3,Python,True,True,No license
daneden,daneden/eloquent-js,2016-06-05T18:38:58Z,10,10,JavaScript,True,True,No license
daneden,daneden/Emery,2021-03-06T22:33:27Z,3,3,Swift,True,True,No license
daneden,daneden/enable-automerge-action,2021-04-16T14:23:09Z,11,11,TypeScript,True,True,mit
daneden,daneden/eslint-plugin-daneden,2020-07-05T12:43:04Z,3,3,JavaScript,True,True,No license
daneden,daneden/ExpandableText,2024-07-10T08:40:28Z,0,0,Swift,True,True,unlicense
daneden,daneden/Facebook-Prototype,2014-08-30T23:49:00Z,5,5,Swift,True,True,No license
daneden,daneden/gantter,2020-08-12T14:02:34Z,6,6,TypeScript,True,True,mit
daneden,daneden/gatsby-plugin-mdx,2018-07-21T18:18:28Z,0,0,JavaScript,True,True,mit
daneden,daneden/gatsby-remark-smallcaps,2019-08-04T14:01:13Z,5,5,JavaScript,True,True,No license
LaravelDaily,LaravelDaily/Adminpanel-Email-Username,2019-09-10T17:24:53Z,8,8,PHP,True,True,No license
LaravelDaily,LaravelDaily/Advanced-Livewire-CKEditor,2022-01-19T06:21:17Z,9,9,PHP,True,True,No license
LaravelDaily,LaravelDaily/Advanced-Livewire-CreateEdit-Example,2022-01-11T08:58:21Z,11,11,PHP,True,True,No license
LaravelDaily,LaravelDaily/Advanced-Livewire-Nested-Components,2022-01-12T13:04:12Z,9,9,PHP,True,True,No license
LaravelDaily,LaravelDaily/Advanced-Livewire-Select2,2022-01-18T07:57:57Z,6,6,PHP,True,True,No license
LaravelDaily,LaravelDaily/Advanced-Livewire-Toastr-SweetAlert,2022-01-17T08:46:38Z,7,7,PHP,True,True,No license
LaravelDaily,LaravelDaily/AlpineJS-Course,2022-01-27T17:24:14Z,12,12,PHP,True,True,No license
LaravelDaily,LaravelDaily/api-generator,2017-07-26T11:19:33Z,87,87,PHP,True,True,mit
LaravelDaily,LaravelDaily/Best-Laravel-Packages,2022-06-05T14:30:21Z,410,410,,True,True,No license
LaravelDaily,LaravelDaily/Booking-Com-Simulation-Laravel,2023-02-06T08:36:26Z,34,34,PHP,True,True,No license
LaravelDaily,LaravelDaily/Classimax-Directory-Laravel-Vue,2018-05-17T14:35:29Z,35,35,HTML,True,True,No license
LaravelDaily,LaravelDaily/CoffeeDrinksCalculator-QAP2019,2019-04-08T12:47:40Z,8,8,PHP,True,True,No license
LaravelDaily,LaravelDaily/ContactForm-Laravel-jQuery-Vue-Livewire,2020-09-22T12:10:26Z,20,20,PHP,True,True,No license
LaravelDaily,LaravelDaily/course-react-parking,2023-02-14T02:33:12Z,5,5,JavaScript,True,True,No license
LaravelDaily,LaravelDaily/Demo-Checkout-Register,2019-06-05T08:43:28Z,18,18,PHP,True,True,No license
LaravelDaily,LaravelDaily/Demo-Laravel-Image-Reviewers,2019-06-30T14:37:46Z,5,5,PHP,True,True,No license
LaravelDaily,LaravelDaily/Demo-Laravel-Product-Reviews,2018-08-16T09:46:50Z,7,7,HTML,True,True,No license
LaravelDaily,LaravelDaily/Eloquent-OrderBy-Relationship,2021-07-16T07:02:14Z,4,4,PHP,True,True,No license
LaravelDaily,LaravelDaily/Eloquent-Performance-01-N1-Debugbar,2021-10-08T06:19:51Z,3,3,PHP,True,True,No license
LaravelDaily,LaravelDaily/Eloquent-Performance-02-N1-Packages-Count,2021-10-12T04:14:00Z,4,4,PHP,True,True,No license
LaravelDaily,LaravelDaily/Eloquent-Performance-03-Out-of-RAM,2021-10-14T07:56:37Z,4,4,PHP,True,True,No license
LaravelDaily,LaravelDaily/Eloquent-Performance-04-withAggregates,2021-10-15T05:31:16Z,2,2,PHP,True,True,No license
LaravelDaily,LaravelDaily/Eloquent-Performance-05-Select,2021-10-15T06:20:56Z,2,2,PHP,True,True,No license
LaravelDaily,LaravelDaily/Eloquent-Performance-06-Accessors,2021-10-19T05:39:16Z,2,2,PHP,True,True,No license
LaravelDaily,LaravelDaily/Eloquent-Performance-07-Query-Builder,2021-10-19T06:58:51Z,2,2,PHP,True,True,No license
LaravelDaily,LaravelDaily/Eloquent-Performance-08-SubSelects,2021-10-19T07:53:24Z,2,2,PHP,True,True,No license
LaravelDaily,LaravelDaily/Eloquent-Performance-09-Caching,2021-10-21T05:56:20Z,2,2,PHP,True,True,No license
LaravelDaily,LaravelDaily/Eloquent-Performance-10-3-Level-Categories,2021-10-21T08:39:53Z,3,3,PHP,True,True,No license
LaravelDaily,LaravelDaily/Eloquent-Performance-11-Unlimited-Levels,2021-10-22T05:12:11Z,2,2,PHP,True,True,No license
LaravelDaily,LaravelDaily/Eloquent-Performance-12-Seeding,2021-10-23T06:42:46Z,3,3,PHP,True,True,No license
jskeet,jskeet/api-compiler,2018-01-29T13:04:35Z,0,0,Java,True,True,apache-2.0
jskeet,jskeet/artman,2017-06-20T06:54:50Z,0,0,Python,True,True,apache-2.0
jskeet,jskeet/bigquery_storage_write_api_high_memory_allocation,2023-03-14T09:44:54Z,1,1,,True,True,No license
jskeet,jskeet/conformance,2023-04-12T10:14:48Z,1,1,,True,True,apache-2.0
jskeet,jskeet/conformance-tests,2019-04-18T05:29:16Z,1,1,,True,True,apache-2.0
jskeet,jskeet/corefx,2018-03-19T11:18:44Z,1,1,C#,True,True,mit
jskeet,jskeet/csharpspec,2019-06-27T09:36:42Z,2,2,HTML,True,True,other
jskeet,jskeet/csharpstandard,2021-04-01T14:03:48Z,2,2,C#,True,False,cc-by-4.0
jskeet,jskeet/DemoCode,2013-06-27T18:41:16Z,491,491,C#,True,True,apache-2.0
jskeet,jskeet/devchat-eleventy,2020-04-01T09:50:51Z,1,1,,True,True,No license
jskeet,jskeet/doc-pipeline,2020-11-30T09:30:52Z,1,1,,True,True,apache-2.0
jskeet,jskeet/doc-templates,2020-11-30T09:16:39Z,2,2,,True,True,apache-2.0
jskeet,jskeet/docfx,2019-11-06T09:44:56Z,2,2,,True,False,mit
jskeet,jskeet/docuploader,2019-06-18T07:31:06Z,1,1,Python,True,True,apache-2.0
jskeet,jskeet/dotnet-docs-samples,2017-03-02T11:46:25Z,4,4,C#,True,True,apache-2.0
jskeet,jskeet/dotnet-spanner-entity-framework,2022-09-14T09:55:25Z,1,1,,True,False,apache-2.0
jskeet,jskeet/dotnet-spanner-nhibernate,2022-09-14T09:56:45Z,1,1,,True,False,apache-2.0
jskeet,jskeet/eduasync,2015-03-14T14:56:47Z,30,30,C#,True,False,No license
jskeet,jskeet/edulinq,2015-03-14T14:56:34Z,90,90,HTML,True,False,apache-2.0
jskeet,jskeet/election,2019-03-03T13:59:51Z,0,0,CSS,True,True,mit
jskeet,jskeet/functions-framework-conformance,2020-06-25T14:56:39Z,1,1,Go,True,False,apache-2.0
jskeet,jskeet/functions-framework-dotnet,2020-03-10T10:23:36Z,3,3,C#,True,False,apache-2.0
jskeet,jskeet/FurbiesAndFeminism,2019-02-01T13:38:22Z,10,10,,True,True,No license
jskeet,jskeet/gapic-generator,2016-05-09T10:11:50Z,3,3,Java,True,True,apache-2.0
jskeet,jskeet/gapic-generator-csharp,2019-09-18T06:31:08Z,4,4,C#,True,False,apache-2.0
jskeet,jskeet/gapic-showcase,2022-09-05T16:58:05Z,1,1,,True,True,apache-2.0
jskeet,jskeet/gax-dotnet,2016-02-23T19:33:42Z,6,6,C#,True,True,bsd-3-clause
jskeet,jskeet/getting-started-dotnet,2016-04-15T06:11:26Z,4,4,C#,True,True,apache-2.0
jskeet,jskeet/github-actions-test,2021-08-10T14:15:31Z,1,1,,True,True,apache-2.0
jskeet,jskeet/google-api-dotnet-client,2015-12-17T13:06:43Z,7,7,C#,True,False,apache-2.0
mattdesl,mattdesl/2d-context,2014-12-27T19:37:19Z,6,6,JavaScript,True,True,mit
mattdesl,mattdesl/2d-zoom-to-cursor,2015-09-21T02:59:16Z,1,1,JavaScript,True,True,No license
mattdesl,mattdesl/8blit,2013-02-07T03:38:05Z,1,1,,True,True,No license
mattdesl,mattdesl/adaptive-bezier-curve,2014-11-01T23:14:39Z,142,142,JavaScript,True,True,other
mattdesl,mattdesl/adaptive-quadratic-curve,2014-11-01T23:29:25Z,44,44,JavaScript,True,True,mit
mattdesl,mattdesl/add-brfs,2014-08-30T23:57:11Z,0,0,,True,True,mit
mattdesl,mattdesl/aframe,2015-12-17T16:05:20Z,2,2,JavaScript,True,True,mit
mattdesl,mattdesl/aframe-bmfont-text,2015-12-24T20:37:41Z,6,6,JavaScript,True,True,mit
mattdesl,mattdesl/aframe-component-boilerplate,2015-12-24T14:53:17Z,2,2,JavaScript,True,True,mit
mattdesl,mattdesl/aframe-core,2015-12-17T21:24:19Z,1,1,JavaScript,True,True,mit
mattdesl,mattdesl/angular-modal-service,2015-01-16T22:53:36Z,0,0,JavaScript,True,True,mit
mattdesl,mattdesl/arc-to,2014-11-27T17:19:41Z,6,6,JavaScript,True,True,mit
mattdesl,mattdesl/array-pack-2d,2015-05-24T16:59:32Z,1,1,JavaScript,True,True,mit
mattdesl,mattdesl/array-range,2014-11-09T18:23:49Z,25,25,JavaScript,True,True,mit
mattdesl,mattdesl/artblocks-renderer,2021-06-24T15:35:42Z,39,39,JavaScript,True,True,mit
mattdesl,mattdesl/as-number,2014-09-17T23:12:50Z,0,0,JavaScript,True,True,mit
mattdesl,mattdesl/assetloader,2013-12-23T07:20:45Z,5,5,JavaScript,True,True,No license
mattdesl,mattdesl/async-each-series,2015-09-18T16:41:30Z,1,1,JavaScript,True,True,No license
mattdesl,mattdesl/atcq,2020-04-30T16:35:48Z,141,141,JavaScript,True,True,mit
mattdesl,mattdesl/attach-dom-events,2014-09-11T00:35:32Z,1,1,JavaScript,True,True,mit
mattdesl,mattdesl/audioglitch,2016-07-17T22:37:10Z,9,9,JavaScript,True,True,mit
mattdesl,mattdesl/audiograph.xyz,2016-04-23T16:30:56Z,333,333,JavaScript,True,True,other
mattdesl,mattdesl/AudioMoth-Play,2023-10-05T12:22:37Z,0,0,,True,True,No license
mattdesl,mattdesl/auto-save,2015-03-24T14:36:55Z,0,0,Python,True,True,mit
mattdesl,mattdesl/awardify,2014-07-17T04:22:03Z,1,1,JavaScript,True,True,mit
mattdesl,mattdesl/awesome-audio-visualization,2016-04-10T21:13:58Z,24,24,Ruby,True,True,No license
mattdesl,mattdesl/awesome-electron,2015-06-22T14:00:45Z,1,1,,True,False,No license
mattdesl,mattdesl/awesome-nodejs,2014-11-02T15:11:50Z,0,0,,True,False,No license
mattdesl,mattdesl/babel-plugin-import-to-require,2018-02-21T19:05:48Z,6,6,JavaScript,True,True,mit
mattdesl,mattdesl/babelify,2016-01-05T22:51:17Z,1,1,JavaScript,True,True,mit
cloudflare,cloudflare/.github,2019-03-12T15:41:24Z,18,18,,False,False,No license
cloudflare,cloudflare/a11y-focus-scope,2015-11-04T01:27:03Z,35,35,JavaScript,False,True,bsd-3-clause
cloudflare,cloudflare/a11y-focus-store,2015-11-04T06:01:21Z,25,25,JavaScript,False,True,bsd-3-clause
cloudflare,cloudflare/access-crl-worker-template,2020-02-20T18:16:34Z,12,12,JavaScript,False,True,apache-2.0
cloudflare,cloudflare/advisories,2021-01-19T22:39:36Z,4,4,Python,False,False,No license
cloudflare,cloudflare/ahocorasick,2013-11-22T17:36:03Z,595,595,Go,False,True,bsd-3-clause
cloudflare,cloudflare/ai-utils,2024-06-27T12:49:08Z,122,122,TypeScript,True,True,other
cloudflare,cloudflare/alertmanager2es,2017-04-13T13:17:34Z,244,244,Go,False,False,apache-2.0
cloudflare,cloudflare/aloha-rs,2023-04-07T18:42:09Z,5,5,Rust,True,True,other
cloudflare,cloudflare/amp-by-example,2017-03-09T23:47:29Z,3,3,HTML,False,True,apache-2.0
cloudflare,cloudflare/amp-docs,2017-03-09T23:52:29Z,2,2,SCSS,False,True,other
cloudflare,cloudflare/amphtml,2016-07-11T00:31:27Z,8,8,JavaScript,False,False,apache-2.0
cloudflare,cloudflare/angular-schema-form,2015-10-17T01:02:14Z,1,1,JavaScript,False,False,mit
cloudflare,cloudflare/angularjs-gravatardirective,2014-05-07T03:04:09Z,1,1,JavaScript,False,True,mit
cloudflare,cloudflare/api-schemas,2022-06-16T18:46:27Z,87,87,JavaScript,False,False,bsd-3-clause
cloudflare,cloudflare/apt-transport-cloudflared,2019-06-17T17:23:08Z,21,21,Go,True,True,bsd-3-clause
cloudflare,cloudflare/Area1API,2016-09-20T17:47:53Z,3,3,Python,True,True,No license
cloudflare,cloudflare/argo-tunnel-examples,2020-08-09T00:29:02Z,214,214,HCL,True,True,No license
cloudflare,cloudflare/async-std,2020-01-15T16:58:58Z,3,3,Rust,True,True,apache-2.0
cloudflare,cloudflare/authr,2017-10-19T18:04:11Z,47,47,PHP,False,False,bsd-3-clause
cloudflare,cloudflare/autobench,2014-01-09T15:26:07Z,7,7,Go,False,True,No license
cloudflare,cloudflare/Azure-Sentinel,2022-08-10T19:19:18Z,2,2,Jupyter Notebook,True,True,mit
cloudflare,cloudflare/babel-preset-cf,2015-11-04T23:02:04Z,7,7,JavaScript,False,True,bsd-3-clause
cloudflare,cloudflare/backgridjs.com,2013-12-07T15:05:47Z,11,11,HTML,False,True,No license
cloudflare,cloudflare/backoff,2015-12-09T18:45:29Z,46,46,Go,True,True,bsd-2-clause
cloudflare,cloudflare/badupnp,2017-06-28T17:30:11Z,17,17,Makefile,True,True,No license
cloudflare,cloudflare/bbmp2kafka,2022-11-03T20:38:57Z,14,14,Go,True,True,other
cloudflare,cloudflare/binary-install,2019-11-08T19:14:03Z,48,48,JavaScript,True,True,No license
cloudflare,cloudflare/binast-benches,2019-04-30T09:13:32Z,1,1,Makefile,True,True,No license
cloudflare,cloudflare/binast-cf-worker,2019-05-07T16:51:23Z,18,18,JavaScript,True,True,apache-2.0
nicklockwood,nicklockwood/Animate-Lottie-Plugin,2019-12-13T14:01:36Z,0,0,,True,True,No license
nicklockwood,nicklockwood/AnyCodable,2019-02-18T17:32:06Z,2,2,Swift,True,True,mit
nicklockwood,nicklockwood/ArrayUtils,2012-10-28T14:56:11Z,49,49,Objective-C,True,True,other
nicklockwood,nicklockwood/AsyncImageView,2011-07-24T21:53:40Z,906,906,Objective-C,True,True,other
nicklockwood,nicklockwood/AutoCoding,2012-02-08T22:11:14Z,1066,1066,Objective-C,True,True,other
nicklockwood,nicklockwood/awesome-system-swift,2019-03-27T00:42:07Z,1,1,Swift,True,True,No license
nicklockwood,nicklockwood/Base64,2012-01-16T14:48:25Z,578,578,Objective-C,True,True,other
nicklockwood,nicklockwood/BaseModel,2011-07-31T23:38:38Z,288,288,Objective-C,True,True,other
nicklockwood,nicklockwood/Chess,2020-09-30T18:36:48Z,180,180,Swift,True,True,other
nicklockwood,nicklockwood/ColorUtils,2011-12-18T03:50:43Z,256,256,Objective-C,True,True,other
nicklockwood,nicklockwood/Concorde,2016-09-26T11:29:56Z,4,4,Objective-C,True,True,mit
nicklockwood,nicklockwood/Concurrency,2019-12-04T12:49:32Z,15,15,Objective-C,True,True,other
nicklockwood,nicklockwood/Consumer,2018-03-01T22:56:17Z,226,226,Swift,True,True,mit
nicklockwood,nicklockwood/CountryPicker,2011-08-13T17:26:53Z,739,739,Objective-C,True,True,other
nicklockwood,nicklockwood/CryptoCoding,2012-09-25T00:41:15Z,148,148,Objective-C,True,True,other
nicklockwood,nicklockwood/CubeController,2013-11-05T00:56:29Z,142,142,Objective-C,True,True,other
nicklockwood,nicklockwood/Euclid,2018-12-11T17:40:29Z,639,639,Swift,True,True,mit
nicklockwood,nicklockwood/Eval,2018-03-07T10:24:00Z,0,0,Swift,True,True,apache-2.0
nicklockwood,nicklockwood/example-swift,2020-12-10T22:38:42Z,0,0,,True,False,No license
nicklockwood,nicklockwood/Expression,2016-09-23T21:07:46Z,827,827,Swift,True,True,mit
nicklockwood,nicklockwood/FastCoding,2013-12-10T15:23:08Z,977,977,C,True,True,zlib
nicklockwood,nicklockwood/firebase-ios-sdk,2020-08-08T07:32:14Z,0,0,,True,True,apache-2.0
nicklockwood,nicklockwood/FloatyBalloon,2014-02-20T15:14:12Z,25,25,Objective-C,True,True,other
nicklockwood,nicklockwood/FPSControls,2014-11-29T21:13:58Z,215,215,Swift,True,True,other
nicklockwood,nicklockwood/FXBlurView,2013-08-25T22:00:13Z,4940,4940,Objective-C,True,True,other
nicklockwood,nicklockwood/FXForms,2014-03-04T15:12:08Z,2925,2925,Objective-C,True,True,other
nicklockwood,nicklockwood/FXImageView,2012-06-28T13:07:21Z,627,627,Objective-C,True,True,other
nicklockwood,nicklockwood/FXJSON,2012-03-21T23:28:21Z,15,15,Objective-C,True,True,other
nicklockwood,nicklockwood/FXKeychain,2012-12-29T22:35:54Z,554,554,Objective-C,True,True,other
nicklockwood,nicklockwood/FXLabel,2011-08-21T00:53:21Z,815,815,Objective-C,True,True,other
jgthms,jgthms/0hh1,2015-06-25T16:38:09Z,1,1,JavaScript,True,True,mit
jgthms,jgthms/2048,2015-06-19T21:00:52Z,2,2,JavaScript,True,True,mit
jgthms,jgthms/albumcolors,2015-07-08T13:56:34Z,1,1,JavaScript,True,True,No license
jgthms,jgthms/amp,2016-03-19T14:42:54Z,3,3,CSS,True,True,No license
jgthms,jgthms/amp-homepage,2016-03-03T20:23:44Z,1,1,CSS,True,True,No license
jgthms,jgthms/andrewmcwatters-public,2015-05-07T10:58:49Z,0,0,CSS,True,True,No license
jgthms,jgthms/asaph,2022-07-10T17:59:07Z,0,0,,True,True,No license
jgthms,jgthms/atvImg,2015-10-30T16:47:36Z,0,0,JavaScript,True,True,No license
jgthms,jgthms/barn-dor,2015-08-25T00:37:46Z,1,1,CSS,True,True,No license
jgthms,jgthms/bbxdesign,2013-10-05T02:55:20Z,2,2,CSS,True,True,No license
jgthms,jgthms/bbxworld,2015-03-14T11:27:16Z,1,1,HTML,True,True,No license
jgthms,jgthms/belote,2015-07-01T23:25:57Z,0,0,Ruby,True,True,No license
jgthms,jgthms/belote-1,2015-07-01T23:30:29Z,0,0,Java,True,True,No license
jgthms,jgthms/bounce.js,2022-01-29T18:59:26Z,0,0,,True,False,mit
jgthms,jgthms/buildings,2022-01-19T10:45:31Z,0,0,,True,True,No license
jgthms,jgthms/bulma,2016-01-23T23:48:34Z,49285,49285,CSS,True,True,mit
jgthms,jgthms/bulma-start,2017-10-13T11:52:28Z,276,276,CSS,True,True,mit
jgthms,jgthms/bulma-versions,2017-10-14T09:24:27Z,8,8,HTML,True,True,No license
jgthms,jgthms/bulma-website,2016-01-24T01:37:51Z,40,40,CSS,True,True,mit
jgthms,jgthms/buttonizer,2014-06-23T13:16:55Z,2,2,JavaScript,True,True,No license
jgthms,jgthms/coderfolio,2013-07-04T02:14:16Z,0,0,,True,True,No license
jgthms,jgthms/css-art-science,2016-02-06T12:08:08Z,3,3,CSS,True,True,mit
jgthms,jgthms/css-off-2013,2013-11-25T15:11:06Z,0,0,CSS,True,True,No license
jgthms,jgthms/css-reference,2016-11-22T17:00:30Z,4883,4883,HTML,True,True,mit
jgthms,jgthms/devguides-2016,2018-11-12T22:47:55Z,4,4,CSS,True,True,No license
jgthms,jgthms/docsearch-configs,2021-01-30T13:40:21Z,0,0,,True,True,mit
jgthms,jgthms/ember-cli-image,2015-07-06T10:45:16Z,0,0,JavaScript,True,True,mit
jgthms,jgthms/ember-cli-image-lazy,2015-07-06T10:45:24Z,0,0,JavaScript,True,True,mit
jgthms,jgthms/ember-cli-photoswipe,2015-07-10T11:32:42Z,0,0,JavaScript,True,True,mit
jgthms,jgthms/emoji-picker-element,2022-02-03T18:32:16Z,2,2,,True,True,apache-2.0
bizz84,bizz84/AcceptanceMark,2016-08-09T10:06:21Z,65,65,Swift,True,True,mit
bizz84,bizz84/apple_sign_in_firebase_flutter,2020-01-13T14:57:25Z,40,40,Dart,True,True,mit
bizz84,bizz84/astro-vercel-serverless-bug,2023-03-02T08:43:26Z,0,0,Astro,True,True,No license
bizz84,bizz84/async_notifier_example_riverpod,2022-10-24T10:51:06Z,30,30,C++,True,True,mit
bizz84,bizz84/Awesome-Black-Friday-Cyber-Monday,2022-11-22T12:25:28Z,0,0,,True,True,No license
bizz84,bizz84/awesome-flutter,2020-06-28T21:45:30Z,11,11,,True,False,No license
bizz84,bizz84/awesome-ios,2016-09-23T22:01:39Z,2,2,Swift,True,False,mit
bizz84,bizz84/biz-engine,2009-11-14T09:13:06Z,1,1,C++,True,True,No license
bizz84,bizz84/bmi_calculator_app_flutter,2020-05-21T11:06:42Z,16,16,Dart,True,True,mit
bizz84,bizz84/bottom_bar_fab_flutter,2018-09-13T13:52:18Z,283,283,Dart,True,True,mit
bizz84,bizz84/charts,2019-04-02T15:05:30Z,2,2,Dart,True,False,No license
bizz84,bizz84/code-with-andrea-issue-tracker,2019-12-31T08:52:03Z,0,0,,True,True,No license
bizz84,bizz84/codewithandrea_flutter_packages,2020-05-15T20:17:01Z,119,119,Dart,True,True,mit
bizz84,bizz84/code_with_andrea_flutter,2021-11-12T20:17:06Z,77,77,Dart,True,True,mit
bizz84,bizz84/coding-with-flutter-login-demo,2018-04-25T19:46:21Z,168,168,Dart,True,True,mit
bizz84,bizz84/coding-with-flutter-robohash-demo,2018-05-16T19:47:39Z,7,7,Dart,True,True,mit
bizz84,bizz84/complete-flutter-course,2022-02-14T14:04:48Z,821,821,Dart,True,True,mit
bizz84,bizz84/contacts_list_demo_flutter,2018-12-10T07:31:26Z,10,10,Swift,True,True,mit
bizz84,bizz84/convert-srt-vtt,2019-08-23T10:26:28Z,15,15,Shell,True,True,mit
bizz84,bizz84/coronavirus_rest_api_flutter_course,2020-02-28T13:23:14Z,120,120,Dart,True,True,mit
bizz84,bizz84/CrackingTheCodingInterview,2015-07-27T09:16:32Z,49,49,Swift,True,True,No license
bizz84,bizz84/dart-course-materials,2020-07-27T13:15:32Z,344,344,Dart,True,True,mit
bizz84,bizz84/dart-null-safety-package-name-issue,2020-10-06T19:53:42Z,2,2,Dart,True,True,No license
bizz84,bizz84/dart_json_parsing_examples,2023-07-11T09:07:39Z,11,11,Dart,True,True,mit
bizz84,bizz84/faker_app_firebase,2022-11-28T14:42:07Z,5,5,C++,True,True,mit
bizz84,bizz84/faker_app_flutter_firebase,2022-11-30T14:11:17Z,21,21,Dart,True,True,mit
bizz84,bizz84/ff3_whitelabel_app,2024-06-07T09:47:23Z,1,1,Dart,True,True,mit
bizz84,bizz84/firebase-example-flutter,2018-04-12T11:24:25Z,13,13,Dart,True,True,No license
bizz84,bizz84/firebase-login-flutter,2018-03-22T21:15:55Z,106,106,Dart,True,True,mit
bizz84,bizz84/firebase_auth_demo_flutter,2019-04-04T20:00:48Z,674,674,Dart,True,True,mit
samuelcolvin,samuelcolvin/aicli,2023-09-14T10:03:48Z,117,117,Python,False,False,mit
samuelcolvin,samuelcolvin/aioaws,2020-03-25T15:09:16Z,172,172,Python,False,False,mit
samuelcolvin,samuelcolvin/aiohttp-debugtoolbar,2017-03-23T18:47:27Z,0,0,JavaScript,True,True,apache-2.0
samuelcolvin,samuelcolvin/aiohttp-jinja2,2017-03-27T12:54:37Z,0,0,Python,True,True,apache-2.0
samuelcolvin,samuelcolvin/aiohttp-prodtools,2017-03-27T14:31:06Z,0,0,Python,True,True,mit
samuelcolvin,samuelcolvin/aiohttp-toolbox,2018-11-19T13:26:27Z,24,24,Python,True,True,mit
samuelcolvin,samuelcolvin/aiohttp-vs-sanic-vs-japronto,2017-06-03T13:19:12Z,52,52,Python,True,True,No license
samuelcolvin,samuelcolvin/aiohttp_runserver,2016-06-05T15:28:11Z,10,10,Python,True,True,mit
samuelcolvin,samuelcolvin/aiortc,2019-02-20T16:24:56Z,0,0,Python,True,True,bsd-3-clause
samuelcolvin,samuelcolvin/aiosip,2018-03-13T12:45:38Z,0,0,Python,True,True,apache-2.0
samuelcolvin,samuelcolvin/aiosmtpd,2018-12-14T11:41:58Z,0,0,Python,True,True,No license
samuelcolvin,samuelcolvin/alpine-nginx,2016-07-07T16:34:08Z,1,1,Nginx,True,True,mit
samuelcolvin,samuelcolvin/analyze-spec-benchmarks,2019-07-04T10:55:22Z,0,0,Python,True,True,No license
samuelcolvin,samuelcolvin/array-has-slow,2024-08-19T13:31:40Z,1,1,Rust,True,True,No license
samuelcolvin,samuelcolvin/arrow-rs,2024-07-03T09:14:26Z,2,2,Rust,True,False,apache-2.0
samuelcolvin,samuelcolvin/async-redis,2020-04-26T16:51:56Z,10,10,Python,True,True,mit
samuelcolvin,samuelcolvin/asynch,2023-07-28T12:13:38Z,0,0,Python,True,True,apache-2.0
samuelcolvin,samuelcolvin/asyncpg,2019-04-02T16:18:17Z,0,0,Python,True,False,apache-2.0
samuelcolvin,samuelcolvin/awesome-python,2023-05-03T21:35:01Z,5,5,,True,False,other
samuelcolvin,samuelcolvin/bash,2016-09-21T14:22:24Z,1,1,C,True,False,gpl-3.0
samuelcolvin,samuelcolvin/batson-perf,2024-09-24T07:45:12Z,3,3,Rust,True,True,mit
samuelcolvin,samuelcolvin/bench-fast-parse,2022-06-03T13:10:36Z,0,0,Rust,True,True,No license
samuelcolvin,samuelcolvin/benchmark-highlight,2021-09-12T15:27:40Z,0,0,Rust,True,True,No license
samuelcolvin,samuelcolvin/big-list-of-naughty-strings,2021-12-07T13:34:32Z,1,1,,True,True,mit
samuelcolvin,samuelcolvin/Bokeh.jl,2014-06-11T21:44:27Z,46,46,Jupyter Notebook,True,True,other
samuelcolvin,samuelcolvin/buildpg,2018-05-30T21:36:57Z,84,84,Python,True,True,mit
samuelcolvin,samuelcolvin/cf-run-python,2024-04-06T18:04:58Z,0,0,Python,True,True,mit
samuelcolvin,samuelcolvin/cfpypi,2020-10-14T18:34:12Z,5,5,JavaScript,True,True,mit
samuelcolvin,samuelcolvin/chataio,2017-03-28T17:12:55Z,0,0,Python,True,True,No license
samuelcolvin,samuelcolvin/check-python-version,2022-09-23T14:25:19Z,6,6,Python,True,True,mit
Lissy93,Lissy93/AdGuardian-Term,2023-05-25T12:17:23Z,954,954,Rust,True,True,mit
Lissy93,Lissy93/aerospace-hacking-tools,2023-07-09T21:44:09Z,20,20,,True,True,mit
Lissy93,Lissy93/ahk-to-espanso,2022-01-22T00:08:09Z,11,11,HTML,True,True,No license
Lissy93,Lissy93/aliciasykes.com,2019-01-11T16:33:01Z,19,19,Vue,True,True,mit
Lissy93,Lissy93/all-the-countries,2021-01-20T18:06:21Z,35,35,Vue,True,True,mit
Lissy93,Lissy93/AlternativeVoteSystem,2015-11-02T08:23:07Z,3,3,Java,True,True,No license
Lissy93,Lissy93/anti-theft-charge,2014-07-21T13:53:45Z,39,39,Kotlin,True,True,mit
Lissy93,Lissy93/as93,2024-01-14T11:56:16Z,10,10,Svelte,True,True,mit
Lissy93,Lissy93/awesome-osint,2023-06-26T17:53:54Z,49,49,,True,True,other
Lissy93,Lissy93/awesome-privacy,2022-07-09T19:32:38Z,6791,6791,Astro,True,True,cc0-1.0
Lissy93,Lissy93/awesome-security,2022-07-28T13:47:09Z,10,10,,True,True,mit
Lissy93,Lissy93/awesome-selfhosted,2021-05-05T11:30:38Z,88,88,,True,True,other
Lissy93,Lissy93/Brewfile,2022-10-23T09:01:26Z,106,106,Ruby,False,False,mit
Lissy93,Lissy93/bug-bounties,2023-11-04T21:51:24Z,87,87,Svelte,True,True,mit
Lissy93,Lissy93/bullet-convertor,2020-12-03T14:57:11Z,7,7,HTML,True,True,No license
Lissy93,Lissy93/callisto-theme,2021-11-28T21:55:47Z,1,1,,True,True,No license
Lissy93,Lissy93/callisto-theme-standard-notes,2021-03-21T22:47:45Z,11,11,CSS,True,True,agpl-3.0
Lissy93,Lissy93/cheat-code,2023-03-18T18:28:18Z,39,39,Svelte,True,True,No license
Lissy93,Lissy93/conky-system-stats-widget,2018-01-27T23:28:39Z,12,12,Shell,True,True,No license
Lissy93,Lissy93/cso,2023-11-29T16:46:24Z,17,17,TypeScript,True,True,mit
Lissy93,Lissy93/ctemplar-webclient,2021-01-07T15:47:13Z,2,2,TypeScript,True,True,apache-2.0
Lissy93,Lissy93/currency-flags,2023-02-26T22:03:38Z,26,26,Astro,True,True,No license
Lissy93,Lissy93/cv,2024-07-28T23:32:34Z,27,27,TeX,True,True,mit
Lissy93,Lissy93/cyber-defence-presentation,2018-08-21T00:56:58Z,28,28,JavaScript,True,True,mit
Lissy93,Lissy93/dash,2019-08-11T21:42:10Z,9,9,Vue,True,False,No license
Lissy93,Lissy93/dashy,2021-02-28T10:35:44Z,17291,17291,Vue,True,True,mit
Lissy93,Lissy93/DEPRICATED-realtime-ev-charging-stats,2018-06-29T21:21:34Z,3,3,CSS,True,True,mit
Lissy93,Lissy93/digital-bucket-web-analytics,2015-05-04T10:58:21Z,4,4,JavaScript,True,True,No license
Lissy93,Lissy93/digital-defense.io,2021-11-24T16:23:31Z,1,1,TypeScript,True,True,No license
Lissy93,Lissy93/digital-defense.io_depricated,2018-11-01T22:37:32Z,2,2,Vue,True,True,No license
jgilfelt,jgilfelt/ActionBarSherlock,2012-05-20T11:30:25Z,4,4,Java,True,True,apache-2.0
jgilfelt,jgilfelt/android-actionbarstylegenerator,2012-05-02T20:33:46Z,1004,1004,JavaScript,True,True,apache-2.0
jgilfelt,jgilfelt/android-adt-templates,2012-09-20T18:42:16Z,633,633,,True,True,apache-2.0
jgilfelt,jgilfelt/Android-BitmapCache,2013-01-13T16:03:43Z,0,0,Java,True,True,No license
jgilfelt,jgilfelt/android-countdown,2011-04-10T17:58:33Z,33,33,Java,True,True,apache-2.0
jgilfelt,jgilfelt/android-geras,2014-03-19T23:48:46Z,11,11,Java,True,True,No license
jgilfelt,jgilfelt/android-jsonarrayadapter,2011-08-18T17:48:20Z,66,66,Java,True,True,apache-2.0
jgilfelt,jgilfelt/android-mapviewballoons,2010-01-04T11:42:43Z,851,851,Java,True,True,apache-2.0
jgilfelt,jgilfelt/android-protobuf-example,2011-10-16T14:55:57Z,91,91,Java,True,True,apache-2.0
jgilfelt,jgilfelt/android-resource-navigator,2013-01-25T20:22:33Z,170,170,JavaScript,True,True,No license
jgilfelt,jgilfelt/android-sdk-samples-search,2013-04-02T15:04:44Z,15,15,JavaScript,True,True,No license
jgilfelt,jgilfelt/android-simpl3r,2012-11-30T15:44:00Z,183,183,Java,True,True,apache-2.0
jgilfelt,jgilfelt/android-sqlite-asset-helper,2011-12-06T18:41:57Z,2144,2144,Java,True,True,apache-2.0
jgilfelt,jgilfelt/android-viewbadger,2011-09-27T22:50:57Z,3016,3016,Java,True,True,apache-2.0
jgilfelt,jgilfelt/AndroidAssetStudio,2014-11-01T19:52:05Z,12,12,,True,True,apache-2.0
jgilfelt,jgilfelt/androidicons-adt-template,2014-04-03T20:41:37Z,189,189,,True,True,No license
jgilfelt,jgilfelt/AndroidSDKSearchExtension,2015-06-01T13:21:09Z,0,0,JavaScript,True,True,apache-2.0
jgilfelt,jgilfelt/Calendar,2023-02-21T15:43:28Z,0,0,,True,True,mit
jgilfelt,jgilfelt/chuck,2017-02-07T23:51:39Z,4688,4688,Java,True,True,apache-2.0
jgilfelt,jgilfelt/clean-status-bar,2014-09-14T12:34:32Z,2,2,,True,True,No license
jgilfelt,jgilfelt/cwac-loaderex,2012-10-10T09:54:28Z,2,2,Java,True,True,apache-2.0
jgilfelt,jgilfelt/encrypted-datastore,2023-02-21T14:01:12Z,1,1,,True,False,mit
jgilfelt,jgilfelt/GhostLog,2013-12-30T13:24:03Z,384,384,Java,True,True,No license
jgilfelt,jgilfelt/NotificationLog,2013-04-17T13:52:21Z,161,161,Java,True,True,No license
jgilfelt,jgilfelt/Novocation,2012-02-16T22:20:19Z,6,6,Java,True,True,other
jgilfelt,jgilfelt/okhttp,2016-01-09T11:42:28Z,0,0,Java,True,True,apache-2.0
jgilfelt,jgilfelt/okio,2014-04-28T11:09:36Z,4,4,Java,True,False,apache-2.0
jgilfelt,jgilfelt/Polaris2,2013-05-02T12:12:17Z,3,3,Java,True,True,No license
jgilfelt,jgilfelt/QuickReturn,2014-12-19T11:09:48Z,3,3,Java,True,True,mit
jgilfelt,jgilfelt/Reflective-Drawable-Loader---Android,2013-03-10T20:06:07Z,1,1,Java,True,True,No license
sonnysangha,sonnysangha/5app-coding-challenge,2019-10-02T17:37:11Z,15,15,TypeScript,True,True,No license
sonnysangha,sonnysangha/AI-Image-generator-microsoft-azure,2023-03-23T09:38:11Z,121,121,TypeScript,True,True,No license
sonnysangha,sonnysangha/Amazon-starter-template-nextjs,2021-05-17T10:33:59Z,377,377,JavaScript,True,True,No license
sonnysangha,sonnysangha/booking.com-clone-nextjs-14-shadcn-tailwind-typescript-oxylabs,2023-12-01T11:30:10Z,56,56,TypeScript,True,True,No license
sonnysangha,sonnysangha/brightdata-amazon-scraper-template,2023-03-03T08:41:10Z,21,21,JavaScript,True,True,No license
sonnysangha,sonnysangha/cc-diamond-supabase-sql,2021-12-02T17:46:35Z,13,13,JavaScript,True,True,No license
sonnysangha,sonnysangha/Chat-with-PDF-AI-SAAS-Challenge-App,2024-07-27T14:55:01Z,48,48,TypeScript,True,True,No license
sonnysangha,sonnysangha/cloudflare-workers-notion-clone-ai-tutorial,2024-07-15T19:21:26Z,9,9,TypeScript,True,True,No license
sonnysangha,sonnysangha/coaching-call-messenger-demo,2020-06-30T20:23:25Z,7,7,JavaScript,True,True,No license
sonnysangha,sonnysangha/coaching-call-storybook-demo,2020-05-26T19:04:37Z,5,5,,True,True,No license
sonnysangha,sonnysangha/dalle-image-generation,2024-06-19T03:54:42Z,6,6,Python,True,False,No license
sonnysangha,sonnysangha/DefinitelyTyped,2017-11-29T12:14:41Z,4,4,TypeScript,True,True,other
sonnysangha,sonnysangha/diamond-cc-22-aug,2021-08-12T18:43:54Z,14,14,JavaScript,True,True,No license
sonnysangha,sonnysangha/disney-2.0-clone-nextjs-14-microsoft-azure,2023-12-08T19:15:18Z,91,91,TypeScript,True,True,No license
sonnysangha,sonnysangha/Facebook-2.0-nextjs-tailwindcss,2021-05-15T13:46:44Z,53,53,JavaScript,True,True,No license
sonnysangha,sonnysangha/firebase-cloud-messaging-web-push-notifications-with-nextjs-14-tutorial,2024-07-02T16:27:32Z,57,57,TypeScript,True,True,No license
sonnysangha,sonnysangha/google-sheets-coaching-call,2021-02-24T17:47:03Z,10,10,JavaScript,True,True,No license
sonnysangha,sonnysangha/helix-assignment,2019-01-10T12:59:24Z,4,4,TypeScript,True,True,No license
sonnysangha,sonnysangha/lemonsqueezy.js,2024-07-03T10:21:41Z,7,7,,True,True,mit
sonnysangha,sonnysangha/linkedin-clone-nextjs-14-copilot-azure-cosmos-db-typescript-shadcn,2024-04-16T15:45:48Z,58,58,TypeScript,True,True,No license
sonnysangha,sonnysangha/lottery-smart-contract,2022-08-30T09:14:48Z,51,51,Solidity,True,True,No license
sonnysangha,sonnysangha/mern-instagram,2020-09-21T18:43:09Z,91,91,JavaScript,True,True,No license
sonnysangha,sonnysangha/movie-recommendation-nextjs-astradb-openai,2024-06-03T08:18:31Z,35,35,TypeScript,True,True,No license
sonnysangha,sonnysangha/otp-phone-authentication-demo-nextjs-firebase-auth,2024-07-09T16:10:12Z,18,18,TypeScript,True,True,No license
sonnysangha,sonnysangha/react-shopping-cart,2020-04-07T23:17:21Z,38,38,,True,True,mit
sonnysangha,sonnysangha/realtime-translator-chatbot,2019-01-16T16:15:41Z,13,13,TypeScript,True,True,No license
sonnysangha,sonnysangha/redux-typescript-app-demo,2020-11-24T21:30:56Z,19,19,JavaScript,True,True,No license
sonnysangha,sonnysangha/Resume-Portfolio-Starter-pack,2021-02-01T13:52:32Z,416,416,JavaScript,True,True,No license
sonnysangha,sonnysangha/storybook-demo-live,2020-05-26T19:05:58Z,10,10,JavaScript,True,True,No license
sonnysangha,sonnysangha/stripe-payment-elements-with-https-nextjs-14-demo,2024-06-14T12:05:02Z,50,50,TypeScript,True,True,No license
nickbutcher,nickbutcher/accompanist,2020-06-10T14:57:47Z,1,1,,True,True,apache-2.0
nickbutcher,nickbutcher/AdaptiveIconPlayground,2017-07-06T15:06:33Z,1352,1352,Kotlin,True,True,apache-2.0
nickbutcher,nickbutcher/android-transition-examples,2019-01-10T11:09:08Z,13,13,Java,True,True,apache-2.0
nickbutcher,nickbutcher/AndroidDesignPatterns,2018-12-06T17:10:44Z,1,1,JavaScript,True,True,mit
nickbutcher,nickbutcher/AndroidSDKSearchExtension,2017-11-01T16:05:06Z,7,7,JavaScript,True,True,apache-2.0
nickbutcher,nickbutcher/AnimatedStateListDrawable,2017-07-05T09:58:39Z,2,2,Java,True,True,apache-2.0
nickbutcher,nickbutcher/AnimatorDurationTile,2016-10-04T02:52:57Z,1380,1380,Java,True,True,apache-2.0
nickbutcher,nickbutcher/Bjango-Templates,2017-03-23T14:21:10Z,7,7,Shell,True,True,No license
nickbutcher,nickbutcher/launcher-icon,2017-07-10T14:05:32Z,40,40,Java,True,True,apache-2.0
nickbutcher,nickbutcher/plaid,2015-10-30T16:10:56Z,16264,16264,Kotlin,True,False,apache-2.0
nickbutcher,nickbutcher/SdkSearch,2018-01-18T15:15:07Z,6,6,Kotlin,True,False,apache-2.0
florina-muntenescu,florina-muntenescu/android-architecture,2016-08-08T11:56:09Z,37,37,,True,True,apache-2.0
florina-muntenescu,florina-muntenescu/android-tutorials,2018-08-31T10:48:43Z,3,3,CSS,True,True,No license
florina-muntenescu,florina-muntenescu/BottomNavigationPlayground,2016-10-21T14:59:25Z,1,1,Java,True,True,No license
florina-muntenescu,florina-muntenescu/bundel,2021-07-02T13:51:24Z,1,1,,True,False,apache-2.0
florina-muntenescu,florina-muntenescu/compose-samples,2020-09-17T10:28:49Z,18,18,,True,True,apache-2.0
florina-muntenescu,florina-muntenescu/dn_api_v2,2018-08-31T10:31:15Z,0,0,,True,True,No license
florina-muntenescu,florina-muntenescu/DroidconMVVM,2016-03-31T10:29:13Z,479,479,Java,True,True,No license
florina-muntenescu,florina-muntenescu/EnhancedListView,2014-06-17T14:01:45Z,6,6,Java,True,True,No license
florina-muntenescu,florina-muntenescu/FiltermusicRadio,2014-10-20T08:18:10Z,5,5,Java,True,True,No license
florina-muntenescu,florina-muntenescu/MVPvsMVVM,2016-04-11T16:58:34Z,323,323,Java,True,True,No license
florina-muntenescu,florina-muntenescu/PC-12-Performance-Monitor,2023-05-25T13:24:59Z,1,1,,True,True,apache-2.0
florina-muntenescu,florina-muntenescu/Playground,2016-05-11T15:06:30Z,2,2,Java,True,True,No license
florina-muntenescu,florina-muntenescu/ReactiveBurgers,2016-07-16T12:23:05Z,73,73,Java,True,True,gpl-3.0
florina-muntenescu,florina-muntenescu/Shutterstock,2015-06-15T23:14:39Z,1,1,Java,True,True,No license
florina-muntenescu,florina-muntenescu/speakers,2019-02-28T08:53:58Z,0,0,,True,True,No license
florina-muntenescu,florina-muntenescu/StreamPlayer,2015-01-17T22:26:42Z,11,11,Java,True,True,No license
florina-muntenescu,florina-muntenescu/sunflower,2022-07-29T08:51:53Z,2,2,,True,True,apache-2.0
florina-muntenescu,florina-muntenescu/vectordrawable-vs-png,2016-10-13T09:56:00Z,26,26,Java,True,True,No license
pydanny,pydanny/alotofeffort,2013-07-27T10:06:51Z,1,1,Python,True,True,bsd-3-clause
pydanny,pydanny/archived-presentations,2012-01-11T03:07:29Z,0,0,Python,True,True,No license
pydanny,pydanny/arepa,2018-02-12T19:57:01Z,1,1,Makefile,True,True,mit
pydanny,pydanny/audreyr.github.com,2012-04-19T02:19:43Z,1,1,JavaScript,True,True,No license
pydanny,pydanny/awod4,2022-02-18T02:55:10Z,1,1,,False,False,No license
pydanny,pydanny/blarg,2023-11-10T16:40:20Z,2,2,Python,True,True,No license
pydanny,pydanny/bookmanager,2012-03-19T23:48:26Z,3,3,JavaScript,True,True,No license
pydanny,pydanny/cached-property,2014-05-17T22:42:24Z,692,692,Python,True,True,bsd-3-clause
pydanny,pydanny/cn-flask-sample,2012-03-19T19:38:53Z,1,1,JavaScript,True,True,No license
pydanny,pydanny/complexity,2013-07-14T11:23:39Z,1,1,Python,True,True,other
pydanny,pydanny/conda-recipes,2015-01-23T04:14:06Z,0,0,Shell,True,True,other
pydanny,pydanny/conference-talk-work,2012-09-08T03:32:30Z,0,0,Python,True,True,No license
pydanny,pydanny/configure-django,2018-10-12T15:09:55Z,8,8,Python,True,True,other
pydanny,pydanny/contributors,2016-06-09T18:31:24Z,33,33,Python,True,False,other
pydanny,pydanny/cookiecutter-djangopackage,2013-08-12T12:28:50Z,436,436,Python,True,False,No license
pydanny,pydanny/cookiecutter-flask,2013-08-24T13:40:37Z,2,2,CSS,True,True,No license
pydanny,pydanny/cookiecutter-pymodule,2014-08-15T13:36:31Z,14,14,Python,True,True,No license
pydanny,pydanny/coronavirus-cheatsheet,2020-03-12T19:21:16Z,2,2,,True,True,cc0-1.0
pydanny,pydanny/daniel-blog-fasthtml,2024-06-22T09:04:26Z,25,25,Python,True,True,apache-2.0
pydanny,pydanny/daniel.feldroy.com,2021-05-22T20:25:03Z,11,11,Roff,True,False,No license
pydanny,pydanny/dataclasses-json,2023-09-07T12:11:09Z,0,0,,True,True,mit
pydanny,pydanny/deploydjango.com,2013-11-22T23:31:34Z,0,0,Python,True,True,No license
pydanny,pydanny/design,2013-07-11T20:11:55Z,1,1,Python,True,True,bsd-3-clause
pydanny,pydanny/dj-ango,2015-12-20T16:46:46Z,30,30,Python,True,True,bsd-3-clause
pydanny,pydanny/dj-libcloud,2014-04-22T19:42:41Z,53,53,Python,True,False,bsd-3-clause
pydanny,pydanny/dj-notebook,2023-09-12T14:13:11Z,131,131,Jupyter Notebook,True,True,gpl-3.0
pydanny,pydanny/dj-notebook-slides,2023-10-21T10:17:13Z,1,1,JavaScript,True,True,No license
pydanny,pydanny/dj-pagination,2016-07-25T20:41:23Z,76,76,Python,True,False,bsd-3-clause
pydanny,pydanny/dj-paginator,2015-07-27T03:45:43Z,36,36,Python,True,True,bsd-3-clause
pydanny,pydanny/dj-spam,2015-07-29T04:53:01Z,21,21,Python,True,True,bsd-3-clause
SaraVieira,SaraVieira/0bin,2022-04-03T01:11:02Z,0,0,,True,False,wtfpl
SaraVieira,SaraVieira/30-30,2017-04-23T21:21:12Z,12,12,JavaScript,False,False,mit
SaraVieira,SaraVieira/30-days-of,2021-01-24T01:55:07Z,3,3,JavaScript,True,True,mit
SaraVieira,SaraVieira/3d-illustrations,2020-06-30T09:47:45Z,2,2,,True,True,No license
SaraVieira,SaraVieira/3d-react-2024,2024-04-20T16:27:09Z,4,4,JavaScript,True,True,No license
SaraVieira,SaraVieira/3D-web-workshop,2024-05-20T09:01:42Z,1,1,JavaScript,True,True,No license
SaraVieira,SaraVieira/99-problems-graphql-aint-one,2018-08-27T19:40:51Z,26,26,JavaScript,True,True,No license
SaraVieira,SaraVieira/a11ytips.rocks,2018-09-04T13:04:03Z,1,1,JavaScript,True,True,mit
SaraVieira,SaraVieira/agent-conf-talk,2018-02-01T17:43:59Z,0,0,JavaScript,True,True,No license
SaraVieira,SaraVieira/airportsnear.me,2019-03-17T13:22:13Z,28,28,JavaScript,True,True,No license
SaraVieira,SaraVieira/all-airports,2019-02-15T17:31:39Z,7,7,JavaScript,True,True,No license
SaraVieira,SaraVieira/alpine,2023-07-28T16:10:53Z,1,1,TypeScript,True,True,No license
SaraVieira,SaraVieira/AMA,2017-08-27T21:24:49Z,1,1,,False,False,No license
SaraVieira,SaraVieira/apollo,2018-02-07T21:26:11Z,1,1,JavaScript,True,True,mit
SaraVieira,SaraVieira/apollo-link-state-example,2017-12-24T17:20:33Z,98,98,JavaScript,True,True,No license
SaraVieira,SaraVieira/ArrayFTW,2021-04-28T10:05:20Z,13,13,JavaScript,False,False,No license
SaraVieira,SaraVieira/asdasd,2019-03-12T12:53:15Z,1,1,JavaScript,True,True,No license
SaraVieira,SaraVieira/atom-import-cost,2017-08-21T18:04:29Z,0,0,JavaScript,True,True,mit
SaraVieira,SaraVieira/awesome-female-workshop-leads,2019-01-04T07:00:50Z,151,151,,True,True,No license
SaraVieira,SaraVieira/awesome-graphql,2018-07-17T15:50:26Z,0,0,,True,True,No license
SaraVieira,SaraVieira/awesome-preact,2017-07-03T18:40:06Z,0,0,JavaScript,True,True,No license
SaraVieira,SaraVieira/awesome-react-platforms,2017-08-23T13:26:22Z,176,176,,True,True,mit
SaraVieira,SaraVieira/awesome-speakers,2017-11-03T11:06:46Z,0,0,,True,True,No license
SaraVieira,SaraVieira/awesome-talks,2018-05-19T15:57:27Z,810,810,JavaScript,True,True,mit
SaraVieira,SaraVieira/axohtml,2022-12-19T14:04:32Z,2,2,,True,True,mpl-2.0
SaraVieira,SaraVieira/axoreleases-test,2023-11-27T10:39:41Z,0,0,Rust,False,False,No license
SaraVieira,SaraVieira/babel-plugin-caralho,2017-11-12T16:15:00Z,9,9,JavaScript,True,True,wtfpl
SaraVieira,SaraVieira/babel-plugin-styled-components,2017-08-28T22:30:31Z,0,0,JavaScript,True,False,mit
SaraVieira,SaraVieira/babel-plugins,2018-01-20T21:20:22Z,2,2,JavaScript,True,True,mit
SaraVieira,SaraVieira/babelplugins.com,2018-02-04T20:07:31Z,0,0,JavaScript,True,True,No license
dsyer,dsyer/alpine-make-vm-image,2020-02-26T11:36:58Z,2,2,Shell,True,True,mit
dsyer,dsyer/angular-rickshaw,2015-05-31T15:17:56Z,0,0,,True,False,No license
dsyer,dsyer/apidocs,2012-04-20T11:15:31Z,1,1,JavaScript,True,True,apache-2.0
dsyer,dsyer/apimachinery,2020-12-14T11:07:02Z,0,0,,True,True,apache-2.0
dsyer,dsyer/as-proto,2022-12-06T00:20:47Z,0,0,,True,True,mit
dsyer,dsyer/asciidoctor-backends,2015-01-28T10:30:10Z,0,0,Ruby,True,False,No license
dsyer,dsyer/async-profiler,2018-05-31T07:40:26Z,0,0,C++,True,True,apache-2.0
dsyer,dsyer/async-wasm,2022-06-14T15:25:36Z,12,12,C,True,True,No license
dsyer,dsyer/atom-feed,2016-04-14T10:04:01Z,0,0,Shell,True,True,No license
dsyer,dsyer/auth-demo,2024-05-30T15:26:31Z,1,1,Java,True,True,No license
dsyer,dsyer/auth-relay,2016-09-28T08:55:49Z,0,0,Shell,True,True,No license
dsyer,dsyer/auth-server-client,2018-01-02T09:50:17Z,11,11,Shell,True,True,No license
dsyer,dsyer/azure-custom-handler,2020-06-01T13:03:44Z,1,1,HCL,True,True,No license
dsyer,dsyer/azure-docs,2018-04-18T12:50:13Z,0,0,Java,True,True,No license
dsyer,dsyer/azure-maven-plugins,2018-01-18T10:39:28Z,1,1,Java,True,False,mit
dsyer,dsyer/blitz4j,2014-09-16T11:05:28Z,0,0,,True,True,apache-2.0
dsyer,dsyer/blogs,2013-08-03T09:02:29Z,0,0,,True,True,No license
dsyer,dsyer/bluejekyll-wasmtime-java,2022-02-16T10:54:46Z,0,0,Rust,True,True,apache-2.0
dsyer,dsyer/boot-makeover,2013-12-12T13:51:20Z,0,0,Java,True,True,apache-2.0
dsyer,dsyer/bootiful-banners,2015-12-12T10:04:32Z,0,0,Java,True,True,apache-2.0
dsyer,dsyer/bootstrap-cf-plugin,2013-04-01T21:04:23Z,0,0,Ruby,True,True,No license
dsyer,dsyer/brewery,2015-12-16T06:38:52Z,1,1,Java,True,True,apache-2.0
dsyer,dsyer/builder,2019-09-04T09:40:08Z,0,0,,True,True,apache-2.0
dsyer,dsyer/buildpack-spring-boot,2020-06-25T13:00:43Z,0,0,,True,True,apache-2.0
dsyer,dsyer/carto-demo,2022-04-05T06:49:24Z,1,1,Java,True,True,apache-2.0
dsyer,dsyer/cf-bg-demo,2014-03-24T14:58:18Z,0,0,Groovy,True,True,No license
dsyer,dsyer/cf-java-client,2014-10-17T10:54:21Z,0,0,,True,False,apache-2.0
dsyer,dsyer/cf-memory-tests,2016-01-13T16:24:45Z,2,2,Java,True,True,No license
dsyer,dsyer/cf-release,2012-06-30T13:05:17Z,1,1,Shell,True,True,apache-2.0
dsyer,dsyer/cflogin,2016-05-14T13:19:59Z,3,3,Java,True,True,No license
trueadm,trueadm/angular,2015-02-01T21:17:34Z,0,0,JavaScript,True,True,apache-2.0
trueadm,trueadm/angular-test-table,2015-07-17T09:32:03Z,1,1,JavaScript,True,True,No license
trueadm,trueadm/artalar,2023-01-16T00:26:45Z,0,0,,True,True,No license
trueadm,trueadm/atom-t7,2015-03-05T10:50:25Z,2,2,CoffeeScript,True,True,mit
trueadm,trueadm/aurelia-dbmonster,2016-07-30T12:08:15Z,1,1,JavaScript,True,True,other
trueadm,trueadm/awesome-javascript,2016-09-09T22:59:02Z,8,8,,True,True,No license
trueadm,trueadm/aws-missing-tools,2013-06-03T09:19:36Z,0,0,Shell,True,True,No license
trueadm,trueadm/babel,2022-11-16T15:22:20Z,2,2,,True,False,mit
trueadm,trueadm/babel-plugin-caplin-jasmine-syntax,2016-03-07T15:37:29Z,1,1,JavaScript,True,True,No license
trueadm,trueadm/babel-plugin-transform-react-remove-prop-types,2017-08-31T16:37:45Z,1,1,JavaScript,True,True,mit
trueadm,trueadm/babel-standalone,2016-10-03T13:10:17Z,1,1,JavaScript,True,True,mit
trueadm,trueadm/benchmark,2016-09-09T20:49:34Z,1,1,JavaScript,True,True,No license
trueadm,trueadm/brjs,2015-09-29T09:17:16Z,1,1,JavaScript,True,True,lgpl-3.0
trueadm,trueadm/caplin-lib-tidier,2016-04-13T11:16:39Z,1,1,JavaScript,True,True,mit
trueadm,trueadm/cerebral-website,2016-01-20T15:05:01Z,1,1,JavaScript,True,True,mit
trueadm,trueadm/container-node-proposal,2016-09-22T11:36:52Z,7,7,,True,True,No license
trueadm,trueadm/create-react-app,2019-01-17T14:54:42Z,2,2,JavaScript,True,False,mit
trueadm,trueadm/dbmonster,2015-03-13T21:26:55Z,4,4,JavaScript,True,True,No license
trueadm,trueadm/dom-monster,2016-05-05T20:33:14Z,1,1,JavaScript,True,True,No license
trueadm,trueadm/fragment-node,2016-11-11T11:58:35Z,3,3,JavaScript,True,True,mit
trueadm,trueadm/hoist-non-react-statics,2016-06-21T20:47:37Z,1,1,JavaScript,True,True,other
trueadm,trueadm/html-parse-stringify,2015-09-23T16:17:23Z,2,2,JavaScript,True,True,No license
trueadm,trueadm/inferno-fractals,2016-12-20T10:25:43Z,4,4,JavaScript,True,True,No license
trueadm,trueadm/isomorphic-ui-benchmarks,2017-03-04T20:36:17Z,1,1,JavaScript,True,True,No license
trueadm,trueadm/javascript-guessing-game,2016-10-30T15:56:10Z,2,2,Vue,True,True,No license
trueadm,trueadm/jest,2017-02-28T17:14:56Z,2,2,JavaScript,True,True,other
trueadm,trueadm/js-framework-benchmark,2023-10-04T15:21:43Z,0,0,JavaScript,True,True,apache-2.0
trueadm,trueadm/js-reactivity-benchmark,2024-10-10T13:24:18Z,0,0,,True,False,No license
trueadm,trueadm/js-repaint-perfs,2016-06-07T21:51:47Z,2,2,JavaScript,True,True,No license
trueadm,trueadm/jsdom,2020-06-24T10:24:54Z,2,2,,True,True,mit
matryer,matryer/2018-talks,2019-07-30T19:01:11Z,2,2,,True,True,No license
matryer,matryer/2019-talks,2019-08-13T07:20:24Z,4,4,JavaScript,True,True,No license
matryer,matryer/anno,2015-05-31T12:02:38Z,72,72,Go,True,True,mit
matryer,matryer/appengine,2018-10-27T12:19:41Z,10,10,Go,True,True,mit
matryer,matryer/articles,2015-06-01T09:42:21Z,37,37,Go,True,True,No license
matryer,matryer/awesome-go,2015-09-21T17:21:55Z,8,8,Go,True,False,mit
matryer,matryer/awesome-graphql,2017-12-09T10:52:15Z,0,0,,True,True,No license
matryer,matryer/awesome-machine-learning,2018-01-19T15:15:13Z,2,2,Python,True,True,cc0-1.0
matryer,matryer/azure-sdk-for-go,2016-07-21T14:50:39Z,1,1,Go,True,True,apache-2.0
matryer,matryer/berlin-devfest-workshop,2016-11-14T17:06:58Z,1,1,Go,True,True,mit
matryer,matryer/bulma-tagsinput,2018-03-27T15:39:05Z,0,0,JavaScript,True,True,mit
matryer,matryer/captainslog,2018-04-01T12:04:45Z,12,12,Go,True,True,No license
matryer,matryer/changelog.com,2019-04-17T13:51:48Z,1,1,Elixir,True,False,other
matryer,matryer/codeform,2017-01-08T14:30:41Z,27,27,Go,True,False,gpl-3.0
matryer,matryer/codeform-templates,2017-01-08T13:51:34Z,3,3,Smarty,True,True,gpl-3.0
matryer,matryer/cr2,2018-06-22T14:41:56Z,1,1,Go,True,True,No license
matryer,matryer/crunchcrunchcrunchstack,2020-12-06T13:24:19Z,64,64,Go,True,True,No license
matryer,matryer/datasize,2019-11-21T10:07:58Z,0,0,,True,True,mit
matryer,matryer/drop,2016-05-28T07:53:27Z,122,122,Go,True,False,gpl-3.0
matryer,matryer/drop-test,2016-05-27T06:33:56Z,0,0,Go,True,True,mit
matryer,matryer/embedly,2015-04-02T12:15:14Z,0,0,Go,True,True,No license
matryer,matryer/emoji,2015-06-01T22:21:46Z,3,3,Go,True,True,mit
matryer,matryer/errors,2016-05-24T23:28:05Z,1,1,Go,True,True,bsd-2-clause
matryer,matryer/filedb,2014-10-28T21:29:53Z,24,24,Go,True,True,mit
matryer,matryer/flect,2019-02-11T12:59:08Z,1,1,Go,True,True,mit
matryer,matryer/flower,2015-02-08T21:33:55Z,6,6,Go,True,True,mit
matryer,matryer/funkjs,2011-09-07T16:59:37Z,2,2,JavaScript,True,True,No license
matryer,matryer/gae-records,2012-01-19T11:33:13Z,28,28,Go,True,False,mit
matryer,matryer/gb,2016-05-27T15:40:47Z,1,1,Go,True,False,mit
matryer,matryer/gbplay,2015-08-26T14:07:12Z,0,0,,True,True,No license
adamchainz,adamchainz/.github,2021-11-09T09:40:16Z,0,0,,True,True,No license
adamchainz,adamchainz/.github-1,2021-11-09T09:42:39Z,0,0,,True,True,No license
adamchainz,adamchainz/1-liners,2016-07-06T13:40:14Z,0,0,JavaScript,True,True,mit
adamchainz,adamchainz/2016.pyconuk.org,2016-09-26T09:40:50Z,0,0,CSS,True,True,mit
adamchainz,adamchainz/2017-key-signing-party,2017-10-23T10:06:47Z,0,0,,True,True,No license
adamchainz,adamchainz/2017.pyconuk.org,2017-10-27T13:44:36Z,0,0,Python,True,True,mit
adamchainz,adamchainz/abledecoder,2019-09-23T09:07:26Z,14,14,C++,True,True,No license
adamchainz,adamchainz/actions,2023-11-09T15:17:30Z,2,2,,True,False,No license
adamchainz,adamchainz/activesoup,2016-09-17T15:32:22Z,0,0,Python,True,True,mit
adamchainz,adamchainz/adamchainz,2020-07-09T16:35:29Z,4,4,Python,True,True,No license
adamchainz,adamchainz/advent-of-code-dot-com-answers,2015-12-18T14:47:09Z,0,0,Python,True,True,No license
adamchainz,adamchainz/agentzero,2016-06-15T20:14:52Z,0,0,Python,True,True,No license
adamchainz,adamchainz/aiohttp,2016-05-29T22:28:06Z,0,0,Python,True,True,apache-2.0
adamchainz,adamchainz/aiohttp_jinja2,2016-05-29T22:29:51Z,0,0,Python,True,True,apache-2.0
adamchainz,adamchainz/aiohttp_session,2016-05-29T22:32:05Z,0,0,Python,True,True,apache-2.0
adamchainz,adamchainz/aiohttp_utils,2016-06-04T14:32:30Z,0,0,Python,True,True,mit
adamchainz,adamchainz/aiomysql,2016-05-29T22:34:38Z,0,0,Python,True,True,mit
adamchainz,adamchainz/aiopg,2016-05-29T22:35:22Z,0,0,Python,True,True,bsd-2-clause
adamchainz,adamchainz/alchimia,2016-06-15T21:55:08Z,0,0,Python,True,True,mit
adamchainz,adamchainz/aleph,2016-06-18T08:27:39Z,0,0,Python,True,False,No license
adamchainz,adamchainz/all,2016-09-12T14:42:31Z,0,0,,True,True,No license
adamchainz,adamchainz/alotofeffort,2016-06-02T21:32:44Z,0,0,Python,True,True,bsd-3-clause
adamchainz,adamchainz/alpine-ajax,2023-09-18T08:50:22Z,1,1,JavaScript,True,False,mit
adamchainz,adamchainz/amazon-api-gateway-developer-guide,2020-01-10T23:40:02Z,0,0,,True,False,other
adamchainz,adamchainz/amazon-athena-user-guide,2018-04-04T10:25:06Z,0,0,,True,False,other
adamchainz,adamchainz/amazon-cloudfront-developer-guide,2018-11-16T20:35:55Z,0,0,,True,False,other
adamchainz,adamchainz/amazon-dynamodb-developer-guide,2019-01-02T16:20:44Z,0,0,,True,False,other
adamchainz,adamchainz/amazon-ec2-user-guide,2019-07-01T07:36:30Z,0,0,,True,False,other
adamchainz,adamchainz/amazon-rds-user-guide,2018-09-03T10:05:40Z,0,0,,True,False,other
adamchainz,adamchainz/ammonia,2023-12-07T15:08:39Z,2,2,,True,False,apache-2.0
gordicaleksa,gordicaleksa/.dotfiles,2018-04-13T14:53:00Z,1,1,Shell,True,True,No license
gordicaleksa,gordicaleksa/AI-Rubik-s-Cube,2018-07-26T15:51:50Z,0,0,,True,True,No license
gordicaleksa,gordicaleksa/airoboros,2023-12-02T15:00:37Z,1,1,,True,True,apache-2.0
gordicaleksa,gordicaleksa/api-design,2018-07-04T07:56:42Z,1,1,,True,True,No license
gordicaleksa,gordicaleksa/apps-script-samples,2019-03-03T21:33:13Z,0,0,JavaScript,True,False,apache-2.0
gordicaleksa,gordicaleksa/awesomeMLSys,2024-05-20T14:49:09Z,4,4,,True,True,No license
gordicaleksa,gordicaleksa/axolotl,2023-10-27T10:54:59Z,0,0,,True,True,apache-2.0
gordicaleksa,gordicaleksa/caffe,2020-01-28T15:51:34Z,0,0,,True,True,other
gordicaleksa,gordicaleksa/competitive_programming,2018-04-08T16:37:32Z,4,4,C++,True,True,No license
gordicaleksa,gordicaleksa/datasketch_threadsafe,2023-11-19T20:31:12Z,0,0,Python,True,True,mit
gordicaleksa,gordicaleksa/DeepDreamVideo,2020-07-18T08:08:56Z,3,3,,True,True,gpl-2.0
gordicaleksa,gordicaleksa/digital-image-processing,2018-06-29T12:11:44Z,7,7,Matlab,True,True,No license
gordicaleksa,gordicaleksa/examples,2020-03-01T13:36:15Z,3,3,,True,True,bsd-3-clause
gordicaleksa,gordicaleksa/first-order-model,2020-04-28T17:31:59Z,3,3,Jupyter Notebook,True,True,other
gordicaleksa,gordicaleksa/fsdl-text-recognizer-2022,2023-02-04T12:25:07Z,3,3,,True,False,mit
gordicaleksa,gordicaleksa/gans,2020-09-14T08:24:19Z,5,5,,True,True,mit
gordicaleksa,gordicaleksa/get-started-with-JAX,2021-10-28T20:00:00Z,650,650,Jupyter Notebook,True,True,mit
gordicaleksa,gordicaleksa/GoogleCodeJam2018,2018-04-09T08:47:50Z,1,1,C++,True,True,No license
gordicaleksa,gordicaleksa/gordicaleksa,2020-07-18T20:19:30Z,13,13,,True,True,No license
gordicaleksa,gordicaleksa/gpt-2-output-dataset,2022-08-13T08:25:24Z,0,0,,True,True,mit
gordicaleksa,gordicaleksa/java-algorithms-implementation,2017-11-30T19:09:01Z,3,3,Java,True,True,apache-2.0
gordicaleksa,gordicaleksa/jina,2021-08-28T08:34:32Z,2,2,,True,False,apache-2.0
gordicaleksa,gordicaleksa/llm.c,2024-06-01T14:40:15Z,4,4,Cuda,True,True,mit
gordicaleksa,gordicaleksa/MachineLearningMicrosoftPetnica,2018-04-28T08:43:11Z,3,3,C++,True,True,No license
gordicaleksa,gordicaleksa/metaseq,2022-09-10T14:54:19Z,4,4,Python,True,True,mit
gordicaleksa,gordicaleksa/micrograd,2024-07-19T13:22:26Z,0,0,,True,False,No license
gordicaleksa,gordicaleksa/MicrosoftBubbleCup2018,2018-04-27T08:53:28Z,1,1,C++,True,True,No license
gordicaleksa,gordicaleksa/mlp,2024-07-19T11:55:13Z,0,0,,True,True,No license
gordicaleksa,gordicaleksa/neural-style,2020-03-26T08:32:23Z,2,2,,True,True,gpl-3.0
gordicaleksa,gordicaleksa/neural-style-tf,2020-03-28T21:45:15Z,0,0,,True,True,gpl-3.0
lewagon,lewagon/active-record-advanced,2014-10-27T11:17:40Z,2,2,Ruby,True,True,No license
lewagon,lewagon/airbnb,2018-11-29T10:31:10Z,1,1,HTML,True,True,No license
lewagon,lewagon/alfred-coworker,2016-04-20T17:46:11Z,2,2,Ruby,True,True,No license
lewagon,lewagon/amsterdam,2016-03-02T16:48:24Z,3,3,CSS,True,True,No license
lewagon,lewagon/amsterdam-drive-in,2016-01-30T17:20:31Z,4,4,HTML,True,True,No license
lewagon,lewagon/animation-challenges,2015-05-20T12:51:45Z,2,2,CSS,True,True,No license
lewagon,lewagon/awesome-navbars,2014-11-14T15:07:03Z,60,60,HTML,True,True,No license
lewagon,lewagon/bash-runner,2024-05-09T09:21:20Z,0,0,Dockerfile,False,False,No license
lewagon,lewagon/blog-rails-redux,2017-09-28T14:49:01Z,1,1,Ruby,True,True,No license
lewagon,lewagon/blog-redux,2017-09-28T07:45:14Z,3,3,JavaScript,False,False,No license
lewagon,lewagon/bootcamp-finder,2018-05-05T18:34:27Z,1,1,Python,True,True,No license
lewagon,lewagon/bootstrap-boilerplate,2014-07-02T16:45:20Z,108,108,HTML,True,True,mit
lewagon,lewagon/bootstrap-dashboard-boilerplate,2023-02-28T16:09:31Z,0,0,HTML,True,True,No license
lewagon,lewagon/Bored-API,2024-05-26T21:07:55Z,0,0,JavaScript,True,False,mit
lewagon,lewagon/breaking-bad-quotes,2022-04-28T10:42:15Z,0,0,,True,False,No license
lewagon,lewagon/cetetejecode-videos,2014-07-01T15:29:17Z,2,2,CSS,True,True,No license
lewagon,lewagon/chat-rails-redux,2017-09-28T14:48:47Z,3,3,Ruby,False,False,No license
lewagon,lewagon/chat-redux,2017-09-26T10:21:03Z,5,5,JavaScript,False,False,No license
lewagon,lewagon/clearbit-livecode,2018-05-09T08:45:38Z,1,1,HTML,True,True,No license
lewagon,lewagon/components-demo,2017-07-21T08:38:29Z,6,6,HTML,True,True,No license
lewagon,lewagon/conduct,2019-05-23T16:13:35Z,4,4,,True,True,No license
lewagon,lewagon/corporate-satair,2017-05-03T11:06:51Z,0,0,HTML,True,True,No license
lewagon,lewagon/data-analytics-jupyter-challenges,2023-02-14T09:45:38Z,0,0,Jupyter Notebook,True,True,No license
lewagon,lewagon/data-analytics-sprint,2020-02-11T16:09:44Z,15,15,Jupyter Notebook,True,True,No license
lewagon,lewagon/data-certification-api,2021-03-12T11:50:26Z,0,0,Python,True,True,No license
lewagon,lewagon/data-certification-api-movies,2021-06-25T13:44:51Z,0,0,Python,True,True,No license
lewagon,lewagon/data-certification-exam,2021-03-11T17:42:52Z,0,0,,True,True,No license
lewagon,lewagon/data-engineering-setup,2022-06-15T16:48:57Z,10,10,Ruby,True,True,No license
lewagon,lewagon/data-images,2019-11-08T16:23:52Z,0,0,,False,True,No license
lewagon,lewagon/data-kit,2015-02-05T09:41:12Z,201,201,Jupyter Notebook,True,True,No license
threepointone,threepointone/act-warning,2019-04-04T12:46:32Z,0,0,JavaScript,True,True,No license
threepointone,threepointone/adele,2018-12-20T17:39:45Z,0,0,JavaScript,True,True,mit
threepointone,threepointone/animloop,2013-01-23T16:38:58Z,0,0,JavaScript,True,True,No license
threepointone,threepointone/art,2018-07-11T11:27:17Z,0,0,JavaScript,True,True,mit
threepointone,threepointone/async-act-test-21-11,2019-11-21T18:39:30Z,2,2,JavaScript,True,True,No license
threepointone,threepointone/asyncstorage-mock,2015-08-06T08:56:53Z,9,9,JavaScript,True,True,No license
threepointone,threepointone/at,2013-01-16T14:29:36Z,0,0,JavaScript,True,True,No license
threepointone,threepointone/attr,2013-01-16T12:59:56Z,0,0,JavaScript,True,True,No license
threepointone,threepointone/automerge,2023-03-12T00:57:41Z,0,0,JavaScript,True,True,mit
threepointone,threepointone/automerge-repo,2023-10-01T08:54:25Z,0,0,,True,True,mit
threepointone,threepointone/axe-core,2019-06-26T15:49:37Z,0,0,JavaScript,True,False,mpl-2.0
threepointone,threepointone/babel-macros,2016-11-02T20:01:47Z,12,12,,True,True,No license
threepointone,threepointone/babel-plugin-add-react-displayname,2019-05-01T14:33:31Z,0,0,JavaScript,True,True,No license
threepointone,threepointone/backbone,2013-03-04T09:31:51Z,0,0,JavaScript,True,True,mit
threepointone,threepointone/backbone-mongodb,2011-09-30T11:03:10Z,1,1,JavaScript,True,True,No license
threepointone,threepointone/beam,2013-02-08T18:28:01Z,1,1,JavaScript,True,True,No license
threepointone,threepointone/braid,2015-01-21T19:43:38Z,1,1,JavaScript,True,True,No license
threepointone,threepointone/bs-nice,2017-12-21T10:48:27Z,180,180,OCaml,True,True,No license
threepointone,threepointone/bucklescript,2016-04-05T09:11:51Z,0,0,OCaml,True,True,gpl-2.0
threepointone,threepointone/built-devtools,2021-08-24T10:33:52Z,7,7,JavaScript,True,True,mit
threepointone,threepointone/bun,2024-08-01T10:54:02Z,0,0,,True,False,other
threepointone,threepointone/bus,2013-11-13T17:03:30Z,2,2,JavaScript,True,True,No license
threepointone,threepointone/carrickjason-react-act-example,2019-09-09T20:35:52Z,0,0,,True,True,No license
threepointone,threepointone/cf-auth,2024-07-09T15:26:31Z,9,9,TypeScript,True,True,No license
threepointone,threepointone/cfp-lightnings-2015,2015-06-03T08:11:42Z,0,0,,True,True,mit
threepointone,threepointone/changesets,2021-02-02T11:59:24Z,0,0,,True,True,mit
threepointone,threepointone/charliegleason.com,2024-03-03T20:53:22Z,0,0,,True,False,No license
threepointone,threepointone/claw,2013-01-31T23:40:51Z,1,1,JavaScript,True,True,No license
threepointone,threepointone/cloudflare-docs,2022-11-29T11:34:58Z,0,0,,True,False,other
threepointone,threepointone/cloudflare-relay-repro,2024-10-09T23:37:00Z,0,0,TypeScript,True,True,No license
